Source,Target,Weight,Type
young-adult,fiction,1485268,Undirected
young-adult,dystopia,598266,Undirected
young-adult,fantasy,1939214,Undirected
young-adult,science-fiction,547778,Undirected
young-adult,romance,1388404,Undirected
young-adult,contemporary,456353,Undirected
young-adult,realistic-fiction,248855,Undirected
young-adult,teen,61044,Undirected
young-adult,vampires,215701,Undirected
young-adult,paranormal,469399,Undirected
young-adult,historical-fiction,158553,Undirected
young-adult,historical,53831,Undirected
young-adult,classics,313676,Undirected
young-adult,war,26544,Undirected
young-adult,school,31538,Undirected
young-adult,literature,25173,Undirected
young-adult,adventure,93110,Undirected
young-adult,magic,167424,Undirected
young-adult,plays,6941,Undirected
young-adult,audiobook,78554,Undirected
young-adult,urban-fantasy,139838,Undirected
young-adult,coming-of-age,37422,Undirected
young-adult,novels,10543,Undirected
young-adult,mystery,77268,Undirected
young-adult,mental-health,36351,Undirected
young-adult,retellings,71198,Undirected
young-adult,new-adult,100086,Undirected
young-adult,science-fiction-fantasy,17940,Undirected
young-adult,horror,20454,Undirected
young-adult,magical-realism,2760,Undirected
young-adult,crime,2971,Undirected
young-adult,young-adult-fantasy,116066,Undirected
young-adult,chick-lit,64992,Undirected
young-adult,drama,1347,Undirected
young-adult,adult,11065,Undirected
young-adult,aliens,33165,Undirected
young-adult,adult-fiction,1835,Undirected
young-adult,contemporary-romance,30312,Undirected
young-adult,college,7582,Undirected
young-adult,steampunk,34026,Undirected
young-adult,fae,11947,Undirected
young-adult,angels,62630,Undirected
young-adult,read-for-school,8035,Undirected
young-adult,paranormal-romance,27056,Undirected
young-adult,werewolves,15612,Undirected
young-adult,holocaust,3370,Undirected
young-adult,music,4554,Undirected
young-adult,dragons,23044,Undirected
young-adult,lgbt,57649,Undirected
young-adult,humor,9396,Undirected
young-adult,world-war-ii,10841,Undirected
young-adult,race,9881,Undirected
young-adult,fairy-tales,17323,Undirected
young-adult,queer,7292,Undirected
young-adult,psychology,1455,Undirected
young-adult,young-adult-contemporary,11238,Undirected
young-adult,high-school,11062,Undirected
young-adult,mythology,12977,Undirected
young-adult,fairies,8431,Undirected
young-adult,thriller,4176,Undirected
young-adult,mystery-thriller,684,Undirected
young-adult,short-stories,15043,Undirected
young-adult,ghosts,3933,Undirected
young-adult,mental-illness,6676,Undirected
young-adult,post-apocalyptic,7330,Undirected
young-adult,survival,2905,Undirected
young-adult,time-travel,8030,Undirected
young-adult,zombies,4310,Undirected
young-adult,high-fantasy,15604,Undirected
young-adult,supernatural,5251,Undirected
young-adult,christmas,8076,Undirected
young-adult,literary-fiction,987,Undirected
young-adult,graphic-novels,12799,Undirected
young-adult,comics,6307,Undirected
young-adult,graphic-novels-comics,3889,Undirected
young-adult,animals,1804,Undirected
young-adult,espionage,2785,Undirected
young-adult,death,1668,Undirected
young-adult,books-about-books,1163,Undirected
young-adult,military-fiction,718,Undirected
young-adult,witches,1786,Undirected
young-adult,african-american,413,Undirected
young-adult,abuse,1616,Undirected
young-adult,anthologies,1770,Undirected
young-adult,novella,760,Undirected
fiction,dystopia,549355,Undirected
fiction,fantasy,2368340,Undirected
fiction,science-fiction,852851,Undirected
fiction,romance,1147329,Undirected
fiction,contemporary,883252,Undirected
fiction,realistic-fiction,107643,Undirected
fiction,teen,27553,Undirected
fiction,mystery,649890,Undirected
fiction,thriller,375816,Undirected
fiction,crime,210878,Undirected
fiction,mystery-thriller,232867,Undirected
fiction,suspense,164657,Undirected
fiction,vampires,119937,Undirected
fiction,paranormal,156890,Undirected
fiction,historical-fiction,1270767,Undirected
fiction,historical,438574,Undirected
fiction,classics,2443054,Undirected
fiction,war,121482,Undirected
fiction,adult,369113,Undirected
fiction,adult-fiction,234936,Undirected
fiction,erotica,16146,Undirected
fiction,bdsm,12841,Undirected
fiction,school,225845,Undirected
fiction,literature,692025,Undirected
fiction,chick-lit,220888,Undirected
fiction,audiobook,384695,Undirected
fiction,adventure,219324,Undirected
fiction,space,15248,Undirected
fiction,novels,432370,Undirected
fiction,spirituality,38540,Undirected
fiction,world-war-ii,43178,Undirected
fiction,magic,107163,Undirected
fiction,plays,81579,Undirected
fiction,urban-fantasy,75416,Undirected
fiction,coming-of-age,50167,Undirected
fiction,epic-fantasy,84926,Undirected
fiction,science-fiction-fantasy,210893,Undirected
fiction,high-fantasy,105152,Undirected
fiction,literary-fiction,204919,Undirected
fiction,art,12009,Undirected
fiction,mental-health,35206,Undirected
fiction,time-travel,56989,Undirected
fiction,book-club,120558,Undirected
fiction,new-adult,37183,Undirected
fiction,feminism,56077,Undirected
fiction,post-apocalyptic,56237,Undirected
fiction,horror,359079,Undirected
fiction,magical-realism,61421,Undirected
fiction,humor,176780,Undirected
fiction,politics,22017,Undirected
fiction,animals,17121,Undirected
fiction,dogs,9123,Undirected
fiction,gothic,95719,Undirected
fiction,young-adult-fantasy,30885,Undirected
fiction,drama,66293,Undirected
fiction,australia,7479,Undirected
fiction,christian,7398,Undirected
fiction,christian-fiction,6989,Undirected
fiction,religion,25412,Undirected
fiction,faith,3693,Undirected
fiction,mythology,34890,Undirected
fiction,aliens,6565,Undirected
fiction,retellings,18890,Undirected
fiction,holocaust,12072,Undirected
fiction,france,47271,Undirected
fiction,medieval,8394,Undirected
fiction,japan,29260,Undirected
fiction,witches,7815,Undirected
fiction,read-for-school,20128,Undirected
fiction,psychology,32565,Undirected
fiction,africa,46358,Undirected
fiction,medicine,3892,Undirected
fiction,ethiopia,3885,Undirected
fiction,zombies,17227,Undirected
fiction,books-about-books,31135,Undirected
fiction,comedy,34978,Undirected
fiction,lgbt,59171,Undirected
fiction,werewolves,5433,Undirected
fiction,dragons,19939,Undirected
fiction,contemporary-romance,20619,Undirected
fiction,music,10041,Undirected
fiction,russia,61657,Undirected
fiction,inspirational,11690,Undirected
fiction,china,19636,Undirected
fiction,asia,14444,Undirected
fiction,british-literature,32163,Undirected
fiction,ireland,9375,Undirected
fiction,short-stories,61377,Undirected
fiction,american,47753,Undirected
fiction,race,12634,Undirected
fiction,westerns,15629,Undirected
fiction,psychological-thriller,1968,Undirected
fiction,fae,1521,Undirected
fiction,italy,9507,Undirected
fiction,japanese-literature,12121,Undirected
fiction,space-opera,20333,Undirected
fiction,fairy-tales,10266,Undirected
fiction,russian-literature,28634,Undirected
fiction,queer,4055,Undirected
fiction,travel,11132,Undirected
fiction,christmas,10806,Undirected
fiction,young-adult-contemporary,3033,Undirected
fiction,ghosts,3587,Undirected
fiction,high-school,9207,Undirected
fiction,family,4831,Undirected
fiction,graphic-novels,32795,Undirected
fiction,comics,22502,Undirected
fiction,graphic-novels-comics,7893,Undirected
fiction,czech-literature,6428,Undirected
fiction,italian-literature,4001,Undirected
fiction,biography-memoir,3012,Undirected
fiction,canada,17697,Undirected
fiction,turkish-literature,898,Undirected
fiction,india,29641,Undirected
fiction,apocalyptic,288,Undirected
fiction,indian-literature,14704,Undirected
fiction,new-york,4872,Undirected
fiction,sports,2665,Undirected
fiction,baseball,2530,Undirected
fiction,botswana,2941,Undirected
fiction,african-american,13531,Undirected
fiction,food,1767,Undirected
fiction,cyberpunk,21526,Undirected
fiction,architecture,856,Undirected
fiction,environment,1998,Undirected
fiction,legal-thriller,5482,Undirected
fiction,asian-literature,1419,Undirected
fiction,mental-illness,5616,Undirected
fiction,survival,1065,Undirected
fiction,supernatural,6092,Undirected
fiction,knitting,1375,Undirected
fiction,alternate-history,6978,Undirected
fiction,southern,1008,Undirected
fiction,novella,1056,Undirected
fiction,french-literature,4562,Undirected
fiction,19th-century,16100,Undirected
fiction,scotland,2076,Undirected
fiction,detective,9717,Undirected
fiction,military-fiction,2201,Undirected
fiction,historical-romance,1815,Undirected
fiction,regency,664,Undirected
fiction,espionage,2024,Undirected
fiction,sudan,1283,Undirected
fiction,death,530,Undirected
fiction,steampunk,10247,Undirected
fiction,medical,1021,Undirected
fiction,jewish,2447,Undirected
fiction,dark-fantasy,1420,Undirected
fiction,arthurian,2781,Undirected
fiction,speculative-fiction,1711,Undirected
fiction,20th-century,7201,Undirected
fiction,anthropology,1569,Undirected
fiction,abuse,1168,Undirected
fiction,spanish-literature,4960,Undirected
fiction,journalism,1410,Undirected
fiction,nigeria,3057,Undirected
fiction,historical-mystery,1330,Undirected
dystopia,fantasy,454131,Undirected
dystopia,science-fiction,497111,Undirected
dystopia,romance,259011,Undirected
dystopia,adventure,20152,Undirected
dystopia,classics,220652,Undirected
dystopia,literature,41424,Undirected
dystopia,novels,23968,Undirected
dystopia,retellings,17025,Undirected
dystopia,feminism,10999,Undirected
dystopia,post-apocalyptic,23203,Undirected
dystopia,horror,22522,Undirected
dystopia,politics,7228,Undirected
dystopia,school,12101,Undirected
dystopia,young-adult-fantasy,9755,Undirected
dystopia,aliens,6999,Undirected
dystopia,adult,5187,Undirected
dystopia,audiobook,12694,Undirected
dystopia,contemporary,5807,Undirected
dystopia,literary-fiction,3171,Undirected
dystopia,paranormal,28572,Undirected
dystopia,historical-fiction,3360,Undirected
dystopia,zombies,5556,Undirected
dystopia,angels,8440,Undirected
dystopia,science-fiction-fantasy,6389,Undirected
dystopia,coming-of-age,768,Undirected
dystopia,canada,4041,Undirected
dystopia,urban-fantasy,2606,Undirected
dystopia,magic,2061,Undirected
dystopia,short-stories,2212,Undirected
dystopia,cyberpunk,9964,Undirected
dystopia,survival,1428,Undirected
dystopia,alternate-history,1911,Undirected
dystopia,mystery,2137,Undirected
dystopia,time-travel,1955,Undirected
dystopia,thriller,1792,Undirected
dystopia,high-fantasy,434,Undirected
dystopia,vampires,2609,Undirected
dystopia,teen,1900,Undirected
dystopia,steampunk,1197,Undirected
dystopia,lgbt,1300,Undirected
fantasy,science-fiction,600147,Undirected
fantasy,romance,1183262,Undirected
fantasy,vampires,314063,Undirected
fantasy,paranormal,625384,Undirected
fantasy,classics,518109,Undirected
fantasy,novels,11589,Undirected
fantasy,spirituality,6734,Undirected
fantasy,adventure,403143,Undirected
fantasy,historical-fiction,217681,Undirected
fantasy,magic,564558,Undirected
fantasy,plays,26682,Undirected
fantasy,urban-fantasy,341762,Undirected
fantasy,epic-fantasy,416797,Undirected
fantasy,adult,263220,Undirected
fantasy,science-fiction-fantasy,591918,Undirected
fantasy,high-fantasy,529691,Undirected
fantasy,time-travel,45684,Undirected
fantasy,contemporary,35627,Undirected
fantasy,retellings,100140,Undirected
fantasy,feminism,5218,Undirected
fantasy,horror,225671,Undirected
fantasy,magical-realism,42371,Undirected
fantasy,audiobook,192415,Undirected
fantasy,historical,65227,Undirected
fantasy,literature,15089,Undirected
fantasy,politics,5533,Undirected
fantasy,mystery,62598,Undirected
fantasy,crime,7612,Undirected
fantasy,young-adult-fantasy,227529,Undirected
fantasy,mythology,83387,Undirected
fantasy,aliens,21338,Undirected
fantasy,new-adult,72746,Undirected
fantasy,medieval,988,Undirected
fantasy,witches,17822,Undirected
fantasy,steampunk,58912,Undirected
fantasy,fae,33312,Undirected
fantasy,angels,69624,Undirected
fantasy,adult-fiction,11422,Undirected
fantasy,zombies,10044,Undirected
fantasy,post-apocalyptic,15779,Undirected
fantasy,paranormal-romance,46246,Undirected
fantasy,humor,79709,Undirected
fantasy,comedy,43627,Undirected
fantasy,gothic,15110,Undirected
fantasy,werewolves,18031,Undirected
fantasy,books-about-books,11600,Undirected
fantasy,dragons,85700,Undirected
fantasy,realistic-fiction,1154,Undirected
fantasy,inspirational,2934,Undirected
fantasy,lgbt,48147,Undirected
fantasy,thriller,23243,Undirected
fantasy,westerns,19218,Undirected
fantasy,japan,2645,Undirected
fantasy,japanese-literature,2374,Undirected
fantasy,space-opera,7852,Undirected
fantasy,fairy-tales,39224,Undirected
fantasy,christmas,4207,Undirected
fantasy,ghosts,3901,Undirected
fantasy,graphic-novels,36872,Undirected
fantasy,comics,26579,Undirected
fantasy,graphic-novels-comics,11970,Undirected
fantasy,coming-of-age,511,Undirected
fantasy,short-stories,27654,Undirected
fantasy,animals,749,Undirected
fantasy,dogs,551,Undirected
fantasy,canada,1911,Undirected
fantasy,fairies,10499,Undirected
fantasy,religion,2004,Undirected
fantasy,food,569,Undirected
fantasy,chick-lit,3923,Undirected
fantasy,literary-fiction,3318,Undirected
fantasy,supernatural,11240,Undirected
fantasy,novella,6167,Undirected
fantasy,russia,3279,Undirected
fantasy,russian-literature,2610,Undirected
fantasy,cyberpunk,2186,Undirected
fantasy,china,770,Undirected
fantasy,space,375,Undirected
fantasy,drama,3690,Undirected
fantasy,school,2940,Undirected
fantasy,dark-fantasy,11095,Undirected
fantasy,arthurian,9614,Undirected
fantasy,speculative-fiction,516,Undirected
fantasy,teen,871,Undirected
science-fiction,romance,190368,Undirected
science-fiction,audiobook,78013,Undirected
science-fiction,adventure,47386,Undirected
science-fiction,space,26568,Undirected
science-fiction,adult,21899,Undirected
science-fiction,classics,354713,Undirected
science-fiction,literature,57458,Undirected
science-fiction,novels,41029,Undirected
science-fiction,time-travel,27551,Undirected
science-fiction,contemporary,13820,Undirected
science-fiction,retellings,29025,Undirected
science-fiction,feminism,7489,Undirected
science-fiction,post-apocalyptic,42830,Undirected
science-fiction,horror,92405,Undirected
science-fiction,science-fiction-fantasy,132579,Undirected
science-fiction,school,12363,Undirected
science-fiction,historical-fiction,31729,Undirected
science-fiction,urban-fantasy,9019,Undirected
science-fiction,mythology,3445,Undirected
science-fiction,aliens,21075,Undirected
science-fiction,literary-fiction,4904,Undirected
science-fiction,zombies,9308,Undirected
science-fiction,paranormal,22283,Undirected
science-fiction,humor,33784,Undirected
science-fiction,comedy,21050,Undirected
science-fiction,gothic,10123,Undirected
science-fiction,war,12412,Undirected
science-fiction,vampires,4874,Undirected
science-fiction,thriller,21536,Undirected
science-fiction,mystery,20108,Undirected
science-fiction,mystery-thriller,6379,Undirected
science-fiction,politics,994,Undirected
science-fiction,westerns,2857,Undirected
science-fiction,space-opera,45532,Undirected
science-fiction,psychology,4411,Undirected
science-fiction,graphic-novels,21578,Undirected
science-fiction,comics,17777,Undirected
science-fiction,graphic-novels-comics,5586,Undirected
science-fiction,coming-of-age,1124,Undirected
science-fiction,canada,5768,Undirected
science-fiction,apocalyptic,275,Undirected
science-fiction,adult-fiction,253,Undirected
science-fiction,short-stories,10156,Undirected
science-fiction,cyberpunk,34000,Undirected
science-fiction,magical-realism,782,Undirected
science-fiction,books-about-books,1469,Undirected
science-fiction,survival,1306,Undirected
science-fiction,alternate-history,5951,Undirected
science-fiction,military-fiction,5268,Undirected
science-fiction,steampunk,7850,Undirected
science-fiction,china,5401,Undirected
science-fiction,historical,2947,Undirected
science-fiction,crime,683,Undirected
science-fiction,jewish,673,Undirected
science-fiction,religion,2590,Undirected
science-fiction,speculative-fiction,2387,Undirected
science-fiction,teen,2864,Undirected
science-fiction,lgbt,1743,Undirected
romance,contemporary,519625,Undirected
romance,realistic-fiction,98939,Undirected
romance,teen,20411,Undirected
romance,vampires,189853,Undirected
romance,paranormal,324903,Undirected
romance,erotica,50530,Undirected
romance,adult,174096,Undirected
romance,bdsm,30156,Undirected
romance,chick-lit,219117,Undirected
romance,adult-fiction,51848,Undirected
romance,historical-fiction,252637,Undirected
romance,historical,95183,Undirected
romance,magic,63166,Undirected
romance,audiobook,49629,Undirected
romance,classics,488075,Undirected
romance,school,14970,Undirected
romance,literature,67411,Undirected
romance,urban-fantasy,109943,Undirected
romance,memoir,4422,Undirected
romance,travel,3182,Undirected
romance,biography,1965,Undirected
romance,coming-of-age,7630,Undirected
romance,time-travel,38510,Undirected
romance,mystery,35753,Undirected
romance,retellings,41407,Undirected
romance,new-adult,165805,Undirected
romance,world-war-ii,3128,Undirected
romance,book-club,6674,Undirected
romance,gothic,23758,Undirected
romance,humor,45793,Undirected
romance,young-adult-fantasy,48778,Undirected
romance,japan,3839,Undirected
romance,witches,5726,Undirected
romance,contemporary-romance,137214,Undirected
romance,college,25577,Undirected
romance,steampunk,19527,Undirected
romance,fae,13414,Undirected
romance,angels,40348,Undirected
romance,paranormal-romance,42272,Undirected
romance,books-about-books,3675,Undirected
romance,werewolves,11622,Undirected
romance,adventure,7647,Undirected
romance,france,3452,Undirected
romance,music,5887,Undirected
romance,novels,4211,Undirected
romance,russia,5009,Undirected
romance,lgbt,30698,Undirected
romance,erotic-romance,10293,Undirected
romance,war,7487,Undirected
romance,australia,607,Undirected
romance,british-literature,2604,Undirected
romance,aliens,14412,Undirected
romance,plays,15213,Undirected
romance,drama,9410,Undirected
romance,science-fiction-fantasy,2240,Undirected
romance,italy,1239,Undirected
romance,fairy-tales,9245,Undirected
romance,crime,1390,Undirected
romance,queer,4804,Undirected
romance,horror,7871,Undirected
romance,zombies,1901,Undirected
romance,high-school,12659,Undirected
romance,mental-health,4476,Undirected
romance,comedy,814,Undirected
romance,sociology,789,Undirected
romance,literary-fiction,2237,Undirected
romance,mythology,11623,Undirected
romance,fairies,3973,Undirected
romance,young-adult-contemporary,5539,Undirected
romance,turkish-literature,259,Undirected
romance,apocalyptic,356,Undirected
romance,christian-fiction,2538,Undirected
romance,christian,2333,Undirected
romance,architecture,189,Undirected
romance,magical-realism,7570,Undirected
romance,ghosts,1882,Undirected
romance,knitting,352,Undirected
romance,short-stories,7895,Undirected
romance,disability,2218,Undirected
romance,high-fantasy,5584,Undirected
romance,supernatural,955,Undirected
romance,french-literature,1320,Undirected
romance,christmas,6022,Undirected
romance,american,702,Undirected
romance,thriller,596,Undirected
romance,19th-century,5660,Undirected
romance,scotland,1724,Undirected
romance,dragons,2232,Undirected
romance,sports,1727,Undirected
romance,fighters,1591,Undirected
romance,historical-romance,3630,Undirected
romance,regency,1550,Undirected
romance,espionage,1344,Undirected
romance,death,518,Undirected
romance,military-fiction,1668,Undirected
romance,psychology,337,Undirected
romance,asia,302,Undirected
romance,post-apocalyptic,840,Undirected
romance,dark,2777,Undirected
romance,anthologies,1337,Undirected
romance,abuse,1937,Undirected
romance,novella,1344,Undirected
contemporary,realistic-fiction,123482,Undirected
contemporary,teen,20863,Undirected
contemporary,historical-fiction,59154,Undirected
contemporary,historical,9612,Undirected
contemporary,adult,116573,Undirected
contemporary,adult-fiction,53871,Undirected
contemporary,erotica,20676,Undirected
contemporary,bdsm,9791,Undirected
contemporary,chick-lit,159784,Undirected
contemporary,classics,20173,Undirected
contemporary,novels,34827,Undirected
contemporary,audiobook,73656,Undirected
contemporary,coming-of-age,15586,Undirected
contemporary,literary-fiction,36132,Undirected
contemporary,art,2981,Undirected
contemporary,mystery,63166,Undirected
contemporary,mental-health,21455,Undirected
contemporary,war,2022,Undirected
contemporary,time-travel,4565,Undirected
contemporary,adventure,5187,Undirected
contemporary,book-club,13849,Undirected
contemporary,new-adult,92279,Undirected
contemporary,humor,37682,Undirected
contemporary,crime,4230,Undirected
contemporary,animals,3483,Undirected
contemporary,dogs,2388,Undirected
contemporary,drama,8205,Undirected
contemporary,contemporary-romance,65712,Undirected
contemporary,college,11125,Undirected
contemporary,psychology,1985,Undirected
contemporary,books-about-books,7199,Undirected
contemporary,lgbt,27588,Undirected
contemporary,africa,4005,Undirected
contemporary,music,5499,Undirected
contemporary,inspirational,2378,Undirected
contemporary,spirituality,1119,Undirected
contemporary,erotic-romance,3048,Undirected
contemporary,france,1711,Undirected
contemporary,short-stories,11835,Undirected
contemporary,british-literature,2898,Undirected
contemporary,thriller,11505,Undirected
contemporary,feminism,1747,Undirected
contemporary,race,7209,Undirected
contemporary,holocaust,542,Undirected
contemporary,italy,873,Undirected
contemporary,magical-realism,8915,Undirected
contemporary,japan,5568,Undirected
contemporary,japanese-literature,3655,Undirected
contemporary,literature,9308,Undirected
contemporary,american,1140,Undirected
contemporary,queer,5046,Undirected
contemporary,young-adult-contemporary,8542,Undirected
contemporary,paranormal,2505,Undirected
contemporary,ghosts,394,Undirected
contemporary,horror,4766,Undirected
contemporary,high-school,7758,Undirected
contemporary,family,1094,Undirected
contemporary,biography-memoir,634,Undirected
contemporary,india,7875,Undirected
contemporary,travel,593,Undirected
contemporary,mystery-thriller,2418,Undirected
contemporary,indian-literature,2101,Undirected
contemporary,sports,1664,Undirected
contemporary,baseball,641,Undirected
contemporary,russia,335,Undirected
contemporary,food,433,Undirected
contemporary,environment,325,Undirected
contemporary,mental-illness,3385,Undirected
contemporary,asia,1406,Undirected
contemporary,new-york,364,Undirected
contemporary,retellings,1380,Undirected
contemporary,knitting,374,Undirected
contemporary,disability,945,Undirected
contemporary,christmas,5284,Undirected
contemporary,fighters,752,Undirected
contemporary,china,1252,Undirected
contemporary,espionage,983,Undirected
contemporary,sudan,246,Undirected
contemporary,death,1072,Undirected
contemporary,military-fiction,973,Undirected
contemporary,medical,260,Undirected
contemporary,canada,736,Undirected
contemporary,african-american,335,Undirected
contemporary,abuse,1525,Undirected
contemporary,politics,178,Undirected
contemporary,dark,2147,Undirected
contemporary,anthologies,1094,Undirected
contemporary,journalism,202,Undirected
contemporary,novella,750,Undirected
realistic-fiction,teen,8932,Undirected
realistic-fiction,audiobook,7088,Undirected
realistic-fiction,coming-of-age,5179,Undirected
realistic-fiction,mystery,11323,Undirected
realistic-fiction,mental-health,7116,Undirected
realistic-fiction,new-adult,3323,Undirected
realistic-fiction,chick-lit,7096,Undirected
realistic-fiction,classics,9412,Undirected
realistic-fiction,school,2664,Undirected
realistic-fiction,read-for-school,1832,Undirected
realistic-fiction,music,924,Undirected
realistic-fiction,lgbt,5537,Undirected
realistic-fiction,race,2194,Undirected
realistic-fiction,humor,890,Undirected
realistic-fiction,young-adult-contemporary,1585,Undirected
realistic-fiction,mental-illness,1907,Undirected
realistic-fiction,thriller,893,Undirected
realistic-fiction,christmas,833,Undirected
realistic-fiction,death,328,Undirected
teen,mental-health,1055,Undirected
teen,mystery,1127,Undirected
teen,chick-lit,1675,Undirected
mystery,thriller,297758,Undirected
mystery,crime,226450,Undirected
mystery,mystery-thriller,242957,Undirected
mystery,suspense,130543,Undirected
mystery,mental-health,1725,Undirected
mystery,historical-fiction,87472,Undirected
mystery,novels,6004,Undirected
mystery,classics,136331,Undirected
mystery,chick-lit,17343,Undirected
mystery,audiobook,85856,Undirected
mystery,adult,16946,Undirected
mystery,humor,11182,Undirected
mystery,adult-fiction,3013,Undirected
mystery,drama,1077,Undirected
mystery,true-crime,11509,Undirected
mystery,historical,27570,Undirected
mystery,adventure,12667,Undirected
mystery,books-about-books,10310,Undirected
mystery,gothic,22385,Undirected
mystery,australia,1681,Undirected
mystery,ireland,17507,Undirected
mystery,horror,100416,Undirected
mystery,vampires,2591,Undirected
mystery,psychological-thriller,1572,Undirected
mystery,literary-fiction,5830,Undirected
mystery,urban-fantasy,14904,Undirected
mystery,paranormal,22239,Undirected
mystery,magic,3530,Undirected
mystery,book-club,2840,Undirected
mystery,ghosts,451,Undirected
mystery,africa,4846,Undirected
mystery,botswana,4038,Undirected
mystery,legal-thriller,2691,Undirected
mystery,new-adult,1136,Undirected
mystery,coming-of-age,1646,Undirected
mystery,supernatural,1244,Undirected
mystery,canada,6187,Undirected
mystery,short-stories,3150,Undirected
mystery,detective,17766,Undirected
mystery,southern,1394,Undirected
mystery,espionage,1263,Undirected
mystery,literature,4212,Undirected
mystery,paranormal-romance,1697,Undirected
mystery,alternate-history,1309,Undirected
mystery,jewish,1142,Undirected
mystery,19th-century,2767,Undirected
mystery,witches,601,Undirected
mystery,british-literature,250,Undirected
mystery,russia,1098,Undirected
mystery,historical-mystery,3711,Undirected
mystery,art,1104,Undirected
thriller,crime,112332,Undirected
thriller,mystery-thriller,145441,Undirected
thriller,suspense,113621,Undirected
thriller,historical-fiction,15377,Undirected
thriller,audiobook,37081,Undirected
thriller,adventure,14420,Undirected
thriller,classics,20170,Undirected
thriller,ireland,5037,Undirected
thriller,horror,140172,Undirected
thriller,adult,4674,Undirected
thriller,post-apocalyptic,2199,Undirected
thriller,psychological-thriller,2534,Undirected
thriller,paranormal,8081,Undirected
thriller,literary-fiction,1532,Undirected
thriller,drama,661,Undirected
thriller,legal-thriller,2234,Undirected
thriller,novels,2604,Undirected
thriller,short-stories,3441,Undirected
thriller,supernatural,617,Undirected
thriller,ghosts,699,Undirected
thriller,vampires,2722,Undirected
thriller,russia,1040,Undirected
thriller,lgbt,316,Undirected
crime,mystery-thriller,70384,Undirected
crime,suspense,36811,Undirected
crime,audiobook,16690,Undirected
crime,true-crime,15727,Undirected
crime,historical,3917,Undirected
crime,classics,46615,Undirected
crime,ireland,5636,Undirected
crime,humor,1706,Undirected
crime,chick-lit,1661,Undirected
crime,horror,12306,Undirected
crime,drama,454,Undirected
crime,africa,1432,Undirected
crime,botswana,624,Undirected
crime,religion,1602,Undirected
crime,legal-thriller,1652,Undirected
crime,historical-fiction,8475,Undirected
crime,adult,562,Undirected
crime,canada,936,Undirected
crime,detective,5617,Undirected
crime,southern,766,Undirected
crime,psychology,691,Undirected
crime,alternate-history,635,Undirected
crime,jewish,468,Undirected
crime,urban-fantasy,3232,Undirected
crime,paranormal,1384,Undirected
crime,russia,758,Undirected
mystery-thriller,suspense,49657,Undirected
mystery-thriller,historical-fiction,7334,Undirected
mystery-thriller,audiobook,19734,Undirected
mystery-thriller,adventure,4162,Undirected
mystery-thriller,classics,31014,Undirected
mystery-thriller,ireland,4801,Undirected
mystery-thriller,psychological-thriller,1107,Undirected
mystery-thriller,horror,7990,Undirected
mystery-thriller,africa,1301,Undirected
mystery-thriller,botswana,493,Undirected
mystery-thriller,historical,856,Undirected
mystery-thriller,adult,2082,Undirected
mystery-thriller,canada,875,Undirected
mystery-thriller,short-stories,1633,Undirected
mystery-thriller,detective,3007,Undirected
suspense,historical-fiction,4839,Undirected
suspense,adventure,4165,Undirected
suspense,audiobook,7225,Undirected
suspense,psychological-thriller,1208,Undirected
suspense,legal-thriller,612,Undirected
suspense,horror,11485,Undirected
suspense,novels,735,Undirected
suspense,short-stories,1106,Undirected
vampires,paranormal,195049,Undirected
vampires,witches,4489,Undirected
vampires,urban-fantasy,91170,Undirected
vampires,classics,23360,Undirected
vampires,horror,48446,Undirected
vampires,gothic,5129,Undirected
vampires,post-apocalyptic,2863,Undirected
vampires,historical-fiction,9347,Undirected
vampires,paranormal-romance,19712,Undirected
vampires,steampunk,6238,Undirected
vampires,supernatural,4206,Undirected
vampires,magic,3635,Undirected
vampires,werewolves,2258,Undirected
paranormal,urban-fantasy,139265,Undirected
paranormal,witches,6187,Undirected
paranormal,steampunk,21924,Undirected
paranormal,historical-fiction,29185,Undirected
paranormal,angels,40018,Undirected
paranormal,paranormal-romance,44501,Undirected
paranormal,magic,26863,Undirected
paranormal,werewolves,12446,Undirected
paranormal,aliens,13872,Undirected
paranormal,horror,72746,Undirected
paranormal,audiobook,2056,Undirected
paranormal,young-adult-fantasy,2119,Undirected
paranormal,ghosts,4019,Undirected
paranormal,fae,5945,Undirected
paranormal,fairies,3660,Undirected
paranormal,lgbt,2677,Undirected
paranormal,historical,7361,Undirected
paranormal,classics,5761,Undirected
paranormal,new-adult,777,Undirected
paranormal,supernatural,6236,Undirected
paranormal,adult,1882,Undirected
paranormal,gothic,1853,Undirected
paranormal,humor,1858,Undirected
paranormal,comedy,680,Undirected
paranormal,mythology,3632,Undirected
historical-fiction,historical,466318,Undirected
historical-fiction,classics,954110,Undirected
historical-fiction,war,127840,Undirected
historical-fiction,adult,62056,Undirected
historical-fiction,adult-fiction,62349,Undirected
historical-fiction,school,49894,Undirected
historical-fiction,literature,132091,Undirected
historical-fiction,novels,45905,Undirected
historical-fiction,world-war-ii,79900,Undirected
historical-fiction,audiobook,98367,Undirected
historical-fiction,magic,7384,Undirected
historical-fiction,book-club,83262,Undirected
historical-fiction,time-travel,53901,Undirected
historical-fiction,gothic,19200,Undirected
historical-fiction,horror,12844,Undirected
historical-fiction,australia,6910,Undirected
historical-fiction,holocaust,21131,Undirected
historical-fiction,france,17375,Undirected
historical-fiction,medieval,15351,Undirected
historical-fiction,japan,13549,Undirected
historical-fiction,read-for-school,3227,Undirected
historical-fiction,steampunk,17317,Undirected
historical-fiction,africa,20770,Undirected
historical-fiction,medicine,1611,Undirected
historical-fiction,ethiopia,1604,Undirected
historical-fiction,lgbt,16828,Undirected
historical-fiction,literary-fiction,48027,Undirected
historical-fiction,books-about-books,5780,Undirected
historical-fiction,russia,19889,Undirected
historical-fiction,religion,8582,Undirected
historical-fiction,feminism,11560,Undirected
historical-fiction,humor,10532,Undirected
historical-fiction,adventure,14770,Undirected
historical-fiction,coming-of-age,8221,Undirected
historical-fiction,china,13274,Undirected
historical-fiction,asia,10946,Undirected
historical-fiction,british-literature,33638,Undirected
historical-fiction,american,5833,Undirected
historical-fiction,italy,4670,Undirected
historical-fiction,christmas,3210,Undirected
historical-fiction,science-fiction-fantasy,4662,Undirected
historical-fiction,high-school,3605,Undirected
historical-fiction,magical-realism,14155,Undirected
historical-fiction,fairy-tales,1675,Undirected
historical-fiction,short-stories,3125,Undirected
historical-fiction,italian-literature,1639,Undirected
historical-fiction,turkish-literature,474,Undirected
historical-fiction,comedy,1316,Undirected
historical-fiction,new-york,3223,Undirected
historical-fiction,india,4895,Undirected
historical-fiction,indian-literature,2139,Undirected
historical-fiction,christian-fiction,2508,Undirected
historical-fiction,christian,2303,Undirected
historical-fiction,african-american,5153,Undirected
historical-fiction,chick-lit,4907,Undirected
historical-fiction,architecture,1320,Undirected
historical-fiction,mythology,10268,Undirected
historical-fiction,asian-literature,2520,Undirected
historical-fiction,russian-literature,3112,Undirected
historical-fiction,alternate-history,1607,Undirected
historical-fiction,southern,411,Undirected
historical-fiction,westerns,6200,Undirected
historical-fiction,canada,4086,Undirected
historical-fiction,queer,1945,Undirected
historical-fiction,19th-century,4720,Undirected
historical-fiction,scotland,4440,Undirected
historical-fiction,art,1687,Undirected
historical-fiction,animals,1511,Undirected
historical-fiction,historical-romance,3767,Undirected
historical-fiction,regency,1131,Undirected
historical-fiction,sudan,431,Undirected
historical-fiction,arthurian,2163,Undirected
historical-fiction,anthropology,1559,Undirected
historical-fiction,politics,380,Undirected
historical-fiction,witches,1665,Undirected
historical-fiction,plays,14716,Undirected
historical-fiction,drama,7754,Undirected
historical-fiction,espionage,439,Undirected
historical-fiction,nigeria,2131,Undirected
historical-fiction,historical-mystery,2027,Undirected
historical,classics,291631,Undirected
historical,war,36758,Undirected
historical,adult,13704,Undirected
historical,adult-fiction,13302,Undirected
historical,novels,6145,Undirected
historical,world-war-ii,24177,Undirected
historical,audiobook,23495,Undirected
historical,literature,21513,Undirected
historical,biography,16110,Undirected
historical,book-club,17673,Undirected
historical,time-travel,19481,Undirected
historical,australia,2127,Undirected
historical,holocaust,6516,Undirected
historical,france,3912,Undirected
historical,medieval,3286,Undirected
historical,true-crime,3918,Undirected
historical,japan,4315,Undirected
historical,memoir,6864,Undirected
historical,africa,5915,Undirected
historical,literary-fiction,9119,Undirected
historical,religion,1456,Undirected
historical,feminism,3256,Undirected
historical,sports,1187,Undirected
historical,coming-of-age,1094,Undirected
historical,china,3750,Undirected
historical,asia,2034,Undirected
historical,british-literature,7177,Undirected
historical,germany,747,Undirected
historical,magic,1491,Undirected
historical,science-fiction-fantasy,1230,Undirected
historical,magical-realism,2949,Undirected
historical,fairy-tales,575,Undirected
historical,biography-memoir,285,Undirected
historical,books-about-books,868,Undirected
historical,lgbt,2239,Undirected
historical,new-york,567,Undirected
historical,russia,3305,Undirected
historical,christian-fiction,1795,Undirected
historical,christian,1590,Undirected
historical,chick-lit,1661,Undirected
historical,world-war-i,585,Undirected
historical,architecture,217,Undirected
historical,asian-literature,479,Undirected
historical,italy,306,Undirected
historical,westerns,1798,Undirected
historical,queer,555,Undirected
historical,scotland,1254,Undirected
historical,gothic,1047,Undirected
historical,art,198,Undirected
historical,canada,483,Undirected
historical,humor,786,Undirected
historical,historical-romance,2103,Undirected
historical,regency,669,Undirected
historical,american-history,1559,Undirected
historical,american-revolution,736,Undirected
historical,american,620,Undirected
historical,civil-war,346,Undirected
historical,anthropology,380,Undirected
historical,19th-century,845,Undirected
historical,politics,161,Undirected
historical,witches,575,Undirected
historical,nigeria,757,Undirected
historical,historical-mystery,697,Undirected
classics,war,73452,Undirected
classics,school,435589,Undirected
classics,literature,1167650,Undirected
classics,novels,337999,Undirected
classics,spirituality,19312,Undirected
classics,adventure,153155,Undirected
classics,feminism,41481,Undirected
classics,post-apocalyptic,3277,Undirected
classics,horror,180624,Undirected
classics,science-fiction-fantasy,75124,Undirected
classics,politics,39211,Undirected
classics,gothic,218742,Undirected
classics,adult-fiction,3142,Undirected
classics,medieval,976,Undirected
classics,japan,3421,Undirected
classics,read-for-school,37132,Undirected
classics,audiobook,12969,Undirected
classics,adult,1847,Undirected
classics,memoir,39029,Undirected
classics,holocaust,7706,Undirected
classics,biography,40113,Undirected
classics,humor,57969,Undirected
classics,comedy,8205,Undirected
classics,africa,14051,Undirected
classics,literary-fiction,7140,Undirected
classics,inspirational,4327,Undirected
classics,russia,82104,Undirected
classics,travel,12392,Undirected
classics,mental-health,12469,Undirected
classics,psychology,29550,Undirected
classics,coming-of-age,17278,Undirected
classics,france,70954,Undirected
classics,high-fantasy,29457,Undirected
classics,plays,149021,Undirected
classics,drama,114441,Undirected
classics,american,55980,Undirected
classics,space-opera,5815,Undirected
classics,russian-literature,45805,Undirected
classics,true-crime,8178,Undirected
classics,religion,11230,Undirected
classics,christmas,19811,Undirected
classics,high-school,20710,Undirected
classics,czech-literature,3364,Undirected
classics,short-stories,33034,Undirected
classics,ireland,1418,Undirected
classics,autobiography,1273,Undirected
classics,lgbt,7772,Undirected
classics,epic-fantasy,7673,Undirected
classics,african-american,11275,Undirected
classics,cyberpunk,8417,Undirected
classics,china,6896,Undirected
classics,alternate-history,1841,Undirected
classics,magical-realism,12979,Undirected
classics,christian,5526,Undirected
classics,french-literature,9989,Undirected
classics,time-travel,10042,Undirected
classics,westerns,1522,Undirected
classics,19th-century,48868,Undirected
classics,detective,16252,Undirected
classics,mythology,4429,Undirected
classics,animals,9043,Undirected
classics,business,5500,Undirected
classics,british-literature,8219,Undirected
classics,theology,2548,Undirected
classics,christianity,2442,Undirected
classics,20th-century,9987,Undirected
classics,spanish-literature,9760,Undirected
classics,magic,1410,Undirected
war,world-war-ii,13686,Undirected
war,audiobook,5496,Undirected
war,novels,2639,Undirected
war,biography,7793,Undirected
war,memoir,3025,Undirected
war,literature,10785,Undirected
war,holocaust,2892,Undirected
war,humor,3121,Undirected
war,short-stories,2519,Undirected
war,school,2217,Undirected
war,africa,3722,Undirected
war,world-war-i,565,Undirected
war,russia,1508,Undirected
war,space-opera,687,Undirected
war,military-fiction,2706,Undirected
war,science-fiction-fantasy,563,Undirected
war,sudan,290,Undirected
war,business,1970,Undirected
war,historical-romance,817,Undirected
war,american-history,1055,Undirected
war,american-revolution,595,Undirected
war,literary-fiction,493,Undirected
war,nigeria,834,Undirected
adult,adult-fiction,30907,Undirected
adult,erotica,20745,Undirected
adult,bdsm,10685,Undirected
adult,chick-lit,79180,Undirected
adult,audiobook,24024,Undirected
adult,adventure,3464,Undirected
adult,space,2033,Undirected
adult,epic-fantasy,15579,Undirected
adult,science-fiction-fantasy,9134,Undirected
adult,high-fantasy,13567,Undirected
adult,literary-fiction,4975,Undirected
adult,art,1189,Undirected
adult,book-club,7022,Undirected
adult,humor,15773,Undirected
adult,drama,3873,Undirected
adult,post-apocalyptic,2302,Undirected
adult,novels,2503,Undirected
adult,psychology,914,Undirected
adult,retellings,985,Undirected
adult,books-about-books,5070,Undirected
adult,gothic,1652,Undirected
adult,new-adult,11996,Undirected
adult,contemporary-romance,17426,Undirected
adult,magic,7724,Undirected
adult,erotic-romance,2891,Undirected
adult,lgbt,2072,Undirected
adult,british-literature,1401,Undirected
adult,mental-health,2145,Undirected
adult,family,263,Undirected
adult,biography-memoir,207,Undirected
adult,animals,1542,Undirected
adult,dogs,554,Undirected
adult,inspirational,780,Undirected
adult,horror,1408,Undirected
adult,disability,352,Undirected
adult,france,488,Undirected
adult,westerns,204,Undirected
adult,medical,157,Undirected
adult,coming-of-age,447,Undirected
adult,dark,2138,Undirected
adult,memoir,459,Undirected
adult,cats,453,Undirected
adult,biography,421,Undirected
adult,music,767,Undirected
adult,literature,251,Undirected
adult,abuse,401,Undirected
adult-fiction,chick-lit,22804,Undirected
adult-fiction,book-club,10012,Undirected
adult-fiction,audiobook,10726,Undirected
adult-fiction,animals,1970,Undirected
adult-fiction,dogs,1385,Undirected
adult-fiction,australia,1069,Undirected
adult-fiction,drama,3157,Undirected
adult-fiction,novels,2404,Undirected
adult-fiction,psychology,705,Undirected
adult-fiction,science-fiction-fantasy,863,Undirected
adult-fiction,retellings,857,Undirected
adult-fiction,books-about-books,3035,Undirected
adult-fiction,africa,837,Undirected
adult-fiction,literary-fiction,5212,Undirected
adult-fiction,british-literature,856,Undirected
adult-fiction,short-stories,1237,Undirected
adult-fiction,holocaust,508,Undirected
adult-fiction,coming-of-age,1309,Undirected
adult-fiction,mental-health,1947,Undirected
adult-fiction,humor,997,Undirected
adult-fiction,family,657,Undirected
adult-fiction,horror,226,Undirected
adult-fiction,apocalyptic,226,Undirected
adult-fiction,magical-realism,1283,Undirected
adult-fiction,food,374,Undirected
adult-fiction,environment,267,Undirected
adult-fiction,inspirational,789,Undirected
adult-fiction,southern,247,Undirected
adult-fiction,mental-illness,229,Undirected
adult-fiction,italy,220,Undirected
adult-fiction,china,1030,Undirected
adult-fiction,lgbt,346,Undirected
adult-fiction,medical,187,Undirected
adult-fiction,asia,327,Undirected
adult-fiction,african-american,257,Undirected
adult-fiction,abuse,206,Undirected
adult-fiction,japan,416,Undirected
erotica,bdsm,15045,Undirected
erotica,contemporary-romance,7406,Undirected
erotica,erotic-romance,4724,Undirected
erotica,new-adult,1569,Undirected
erotica,dark,2552,Undirected
erotica,abuse,388,Undirected
bdsm,dark,1731,Undirected
bdsm,contemporary-romance,519,Undirected
school,literature,51680,Undirected
school,novels,8212,Undirected
school,read-for-school,6358,Undirected
school,plays,56159,Undirected
school,drama,25424,Undirected
school,high-school,2464,Undirected
school,short-stories,2997,Undirected
school,africa,1812,Undirected
school,african-american,1445,Undirected
school,psychology,1241,Undirected
school,coming-of-age,1802,Undirected
school,american,410,Undirected
school,feminism,1495,Undirected
literature,novels,57820,Undirected
literature,politics,6429,Undirected
literature,gothic,12343,Undirected
literature,read-for-school,3182,Undirected
literature,horror,4731,Undirected
literature,russia,14894,Undirected
literature,feminism,4985,Undirected
literature,mental-health,1840,Undirected
literature,psychology,4369,Undirected
literature,adventure,11795,Undirected
literature,france,11904,Undirected
literature,american,10350,Undirected
literature,humor,11324,Undirected
literature,literary-fiction,7353,Undirected
literature,british-literature,2202,Undirected
literature,russian-literature,8124,Undirected
literature,travel,1981,Undirected
literature,comedy,838,Undirected
literature,religion,2964,Undirected
literature,spirituality,2364,Undirected
literature,christmas,3431,Undirected
literature,high-school,2158,Undirected
literature,czech-literature,1388,Undirected
literature,short-stories,10237,Undirected
literature,africa,2220,Undirected
literature,plays,25960,Undirected
literature,drama,9983,Undirected
literature,african-american,2498,Undirected
literature,biography-memoir,302,Undirected
literature,japan,923,Undirected
literature,japanese-literature,694,Undirected
literature,magical-realism,2047,Undirected
literature,asia,375,Undirected
literature,india,2868,Undirected
literature,indian-literature,472,Undirected
literature,china,1276,Undirected
literature,french-literature,1510,Undirected
literature,westerns,1434,Undirected
literature,19th-century,3284,Undirected
literature,20th-century,1875,Undirected
literature,spanish-literature,1566,Undirected
chick-lit,memoir,6521,Undirected
chick-lit,travel,3335,Undirected
chick-lit,biography,3008,Undirected
chick-lit,audiobook,17175,Undirected
chick-lit,humor,48099,Undirected
chick-lit,drama,3857,Undirected
chick-lit,contemporary-romance,19067,Undirected
chick-lit,high-school,662,Undirected
chick-lit,young-adult-contemporary,754,Undirected
chick-lit,russia,432,Undirected
chick-lit,novels,401,Undirected
chick-lit,coming-of-age,739,Undirected
chick-lit,magical-realism,4262,Undirected
chick-lit,magic,887,Undirected
chick-lit,retellings,1508,Undirected
chick-lit,knitting,907,Undirected
chick-lit,southern,376,Undirected
chick-lit,new-adult,7984,Undirected
chick-lit,food,1034,Undirected
chick-lit,cooking,521,Undirected
chick-lit,mental-health,749,Undirected
chick-lit,college,658,Undirected
chick-lit,lgbt,375,Undirected
chick-lit,comedy,457,Undirected
chick-lit,politics,197,Undirected
audiobook,adventure,5639,Undirected
audiobook,space,3494,Undirected
audiobook,world-war-ii,4927,Undirected
audiobook,literary-fiction,9624,Undirected
audiobook,art,2773,Undirected
audiobook,book-club,6689,Undirected
audiobook,horror,38333,Undirected
audiobook,magical-realism,3951,Undirected
audiobook,humor,62567,Undirected
audiobook,memoir,72496,Undirected
audiobook,biography,46074,Undirected
audiobook,comedy,19173,Undirected
audiobook,travel,2701,Undirected
audiobook,animals,1348,Undirected
audiobook,dogs,1062,Undirected
audiobook,urban-fantasy,11304,Undirected
audiobook,mythology,11004,Undirected
audiobook,medicine,3104,Undirected
audiobook,post-apocalyptic,2701,Undirected
audiobook,time-travel,1882,Undirected
audiobook,books-about-books,2241,Undirected
audiobook,psychology,11114,Undirected
audiobook,self-help,10942,Undirected
audiobook,business,2249,Undirected
audiobook,medical,1319,Undirected
audiobook,sports,1867,Undirected
audiobook,science-fiction-fantasy,8055,Undirected
audiobook,politics,2393,Undirected
audiobook,biography-memoir,3035,Undirected
audiobook,feminism,13846,Undirected
audiobook,autobiography,5928,Undirected
audiobook,british-literature,1812,Undirected
audiobook,race,4843,Undirected
audiobook,italy,1822,Undirected
audiobook,magic,3229,Undirected
audiobook,epic-fantasy,3959,Undirected
audiobook,high-fantasy,3118,Undirected
audiobook,italian-literature,765,Undirected
audiobook,novels,1332,Undirected
audiobook,sociology,2142,Undirected
audiobook,baseball,543,Undirected
audiobook,russia,1343,Undirected
audiobook,medieval,381,Undirected
audiobook,popular-science,777,Undirected
audiobook,africa,1931,Undirected
audiobook,religion,4597,Undirected
audiobook,true-crime,3275,Undirected
audiobook,mental-health,5528,Undirected
audiobook,world-war-i,599,Undirected
audiobook,legal-thriller,891,Undirected
audiobook,anthropology,2224,Undirected
audiobook,retellings,962,Undirected
audiobook,essays,6184,Undirected
audiobook,womens,1460,Undirected
audiobook,knitting,406,Undirected
audiobook,short-stories,3724,Undirected
audiobook,family,586,Undirected
audiobook,canada,813,Undirected
audiobook,food,5074,Undirected
audiobook,cooking,1141,Undirected
audiobook,space-opera,1803,Undirected
audiobook,scotland,362,Undirected
audiobook,gothic,1889,Undirected
audiobook,health,1143,Undirected
audiobook,nutrition,536,Undirected
audiobook,atheism,1179,Undirected
audiobook,writing,1145,Undirected
audiobook,personal-development,2859,Undirected
audiobook,lgbt,833,Undirected
audiobook,coming-of-age,343,Undirected
audiobook,china,789,Undirected
audiobook,parenting,734,Undirected
audiobook,steampunk,756,Undirected
audiobook,historical-mystery,572,Undirected
adventure,space,2287,Undirected
adventure,plays,3762,Undirected
adventure,magic,10972,Undirected
adventure,novels,5342,Undirected
adventure,science-fiction-fantasy,17042,Undirected
adventure,memoir,14525,Undirected
adventure,travel,17865,Undirected
adventure,biography,8579,Undirected
adventure,young-adult-fantasy,5243,Undirected
adventure,dragons,8162,Undirected
adventure,humor,7151,Undirected
adventure,france,2323,Undirected
adventure,high-fantasy,11670,Undirected
adventure,nature,2929,Undirected
adventure,horror,7615,Undirected
adventure,westerns,1794,Undirected
adventure,sports,1191,Undirected
adventure,health,738,Undirected
adventure,fitness,532,Undirected
adventure,india,993,Undirected
adventure,epic-fantasy,4627,Undirected
adventure,mythology,880,Undirected
adventure,animals,2117,Undirected
adventure,aliens,641,Undirected
adventure,dark-fantasy,489,Undirected
adventure,spanish-literature,1103,Undirected
space,post-apocalyptic,434,Undirected
space,science-fiction-fantasy,1542,Undirected
space,space-opera,2077,Undirected
novels,spirituality,2969,Undirected
novels,literary-fiction,13319,Undirected
novels,lgbt,2265,Undirected
novels,russia,5085,Undirected
novels,france,3057,Undirected
novels,music,1376,Undirected
novels,short-stories,1674,Undirected
novels,american,6576,Undirected
novels,british-literature,2147,Undirected
novels,russian-literature,2684,Undirected
novels,book-club,926,Undirected
novels,travel,2289,Undirected
novels,humor,5428,Undirected
novels,comedy,758,Undirected
novels,czech-literature,1315,Undirected
novels,italy,1195,Undirected
novels,italian-literature,785,Undirected
novels,turkish-literature,479,Undirected
novels,india,5853,Undirected
novels,indian-literature,1764,Undirected
novels,coming-of-age,322,Undirected
novels,biography-memoir,291,Undirected
novels,horror,14429,Undirected
novels,new-york,373,Undirected
novels,psychology,1901,Undirected
novels,religion,611,Undirected
novels,mental-illness,249,Undirected
novels,westerns,1331,Undirected
novels,art,182,Undirected
novels,magical-realism,1185,Undirected
novels,inspirational,426,Undirected
novels,asia,466,Undirected
novels,feminism,898,Undirected
novels,science-fiction-fantasy,751,Undirected
novels,20th-century,1266,Undirected
novels,spanish-literature,1052,Undirected
novels,japan,991,Undirected
novels,japanese-literature,787,Undirected
novels,19th-century,844,Undirected
philosophy,fiction,95382,Undirected
philosophy,classics,98549,Undirected
philosophy,fantasy,15877,Undirected
philosophy,novels,19429,Undirected
philosophy,spirituality,22861,Undirected
philosophy,memoir,9476,Undirected
philosophy,biography,3212,Undirected
philosophy,inspirational,3648,Undirected
philosophy,france,11711,Undirected
philosophy,contemporary,2068,Undirected
philosophy,book-club,729,Undirected
philosophy,literary-fiction,704,Undirected
philosophy,literature,24672,Undirected
philosophy,self-help,23700,Undirected
philosophy,politics,2788,Undirected
philosophy,science-fiction,2584,Undirected
philosophy,dystopia,2538,Undirected
philosophy,religion,9887,Undirected
philosophy,czech-literature,1911,Undirected
philosophy,short-stories,2263,Undirected
philosophy,psychology,21640,Undirected
philosophy,historical-fiction,482,Undirected
philosophy,romance,1242,Undirected
philosophy,turkish-literature,240,Undirected
philosophy,personal-development,6327,Undirected
philosophy,medicine,1475,Undirected
philosophy,health,995,Undirected
philosophy,medical,958,Undirected
philosophy,anthropology,2162,Undirected
philosophy,audiobook,6286,Undirected
philosophy,russia,2595,Undirected
philosophy,russian-literature,2160,Undirected
philosophy,young-adult,5619,Undirected
philosophy,atheism,3181,Undirected
philosophy,travel,4274,Undirected
philosophy,war,4967,Undirected
philosophy,business,4881,Undirected
philosophy,humor,3332,Undirected
spirituality,christian,3584,Undirected
spirituality,christian-fiction,1688,Undirected
spirituality,religion,5685,Undirected
spirituality,faith,1021,Undirected
spirituality,inspirational,2482,Undirected
spirituality,memoir,562,Undirected
spirituality,self-help,14080,Undirected
spirituality,psychology,8007,Undirected
spirituality,personal-development,7246,Undirected
spirituality,travel,763,Undirected
spirituality,lds,564,Undirected
spirituality,church,347,Undirected
world-war-ii,biography,6420,Undirected
world-war-ii,book-club,2425,Undirected
world-war-ii,holocaust,3717,Undirected
world-war-ii,france,1144,Undirected
world-war-ii,germany,828,Undirected
world-war-ii,russia,842,Undirected
magic,plays,4401,Undirected
magic,young-adult-fantasy,17276,Undirected
magic,epic-fantasy,10945,Undirected
magic,high-fantasy,12375,Undirected
magic,science-fiction-fantasy,8339,Undirected
magic,new-adult,9063,Undirected
magic,fae,2002,Undirected
magic,urban-fantasy,13984,Undirected
magic,dragons,7948,Undirected
magic,lgbt,4649,Undirected
magic,fairy-tales,2907,Undirected
magic,magical-realism,1591,Undirected
magic,retellings,3043,Undirected
magic,mythology,2478,Undirected
magic,supernatural,1175,Undirected
magic,witches,661,Undirected
plays,drama,64248,Undirected
plays,humor,6322,Undirected
urban-fantasy,mythology,10088,Undirected
urban-fantasy,angels,6408,Undirected
urban-fantasy,science-fiction-fantasy,6709,Undirected
urban-fantasy,humor,6976,Undirected
urban-fantasy,comedy,3048,Undirected
urban-fantasy,young-adult-fantasy,1931,Undirected
urban-fantasy,paranormal-romance,20950,Undirected
urban-fantasy,fae,4097,Undirected
urban-fantasy,steampunk,6060,Undirected
urban-fantasy,werewolves,5958,Undirected
urban-fantasy,fairies,1505,Undirected
urban-fantasy,supernatural,1537,Undirected
non-fiction,memoir,378320,Undirected
non-fiction,travel,60458,Undirected
non-fiction,biography,318865,Undirected
non-fiction,chick-lit,9386,Undirected
non-fiction,romance,11230,Undirected
non-fiction,autobiography,50855,Undirected
non-fiction,biography-memoir,30383,Undirected
non-fiction,book-club,18378,Undirected
non-fiction,world-war-ii,14030,Undirected
non-fiction,war,25824,Undirected
non-fiction,historical,56524,Undirected
non-fiction,humor,155954,Undirected
non-fiction,audiobook,223167,Undirected
non-fiction,comedy,62273,Undirected
non-fiction,adventure,41874,Undirected
non-fiction,medicine,31379,Undirected
non-fiction,true-crime,39145,Undirected
non-fiction,crime,32476,Undirected
non-fiction,mystery,23416,Undirected
non-fiction,classics,92411,Undirected
non-fiction,holocaust,11937,Undirected
non-fiction,education,4328,Undirected
non-fiction,psychology,144354,Undirected
non-fiction,business,118011,Undirected
non-fiction,self-help,139530,Undirected
non-fiction,sociology,59016,Undirected
non-fiction,inspirational,12482,Undirected
non-fiction,medical,19061,Undirected
non-fiction,sports,11165,Undirected
non-fiction,politics,43740,Undirected
non-fiction,technology,3858,Undirected
non-fiction,feminism,40337,Undirected
non-fiction,essays,33313,Undirected
non-fiction,short-stories,12530,Undirected
non-fiction,nature,13479,Undirected
non-fiction,christian,15422,Undirected
non-fiction,religion,24285,Undirected
non-fiction,spirituality,16240,Undirected
non-fiction,race,13665,Undirected
non-fiction,abuse,3188,Undirected
non-fiction,economics,30407,Undirected
non-fiction,animals,5720,Undirected
non-fiction,dogs,3084,Undirected
non-fiction,germany,4060,Undirected
non-fiction,writing,22743,Undirected
non-fiction,reference,10118,Undirected
non-fiction,food,27303,Undirected
non-fiction,health,21514,Undirected
non-fiction,nutrition,9364,Undirected
non-fiction,fitness,3411,Undirected
non-fiction,death,7510,Undirected
non-fiction,leadership,16367,Undirected
non-fiction,womens,16146,Undirected
non-fiction,graphic-novels,31686,Undirected
non-fiction,comics,18971,Undirected
non-fiction,gardening,2768,Undirected
non-fiction,environment,2660,Undirected
non-fiction,personal-development,40526,Undirected
non-fiction,productivity,6485,Undirected
non-fiction,ireland,4225,Undirected
non-fiction,india,4258,Undirected
non-fiction,asia,3602,Undirected
non-fiction,poverty,3583,Undirected
non-fiction,popular-science,8409,Undirected
non-fiction,africa,5149,Undirected
non-fiction,mental-health,7330,Undirected
non-fiction,world-war-i,3550,Undirected
non-fiction,music,3642,Undirected
non-fiction,art,6095,Undirected
non-fiction,anthropology,20867,Undirected
non-fiction,relationships,3554,Undirected
non-fiction,marriage,3269,Undirected
non-fiction,cooking,6294,Undirected
non-fiction,finance,7455,Undirected
non-fiction,personal-finance,2588,Undirected
non-fiction,money,2521,Undirected
non-fiction,military-fiction,3663,Undirected
non-fiction,atheism,6342,Undirected
non-fiction,lgbt,3253,Undirected
non-fiction,queer,2706,Undirected
non-fiction,southern,3504,Undirected
non-fiction,books-about-books,4492,Undirected
non-fiction,iran,3104,Undirected
non-fiction,france,2330,Undirected
non-fiction,japan,2915,Undirected
non-fiction,japanese-literature,2788,Undirected
non-fiction,parenting,3177,Undirected
non-fiction,china,1271,Undirected
non-fiction,theology,4049,Undirected
non-fiction,christianity,3943,Undirected
non-fiction,american-history,9794,Undirected
non-fiction,american-revolution,2843,Undirected
non-fiction,civil-war,3777,Undirected
non-fiction,social-justice,8821,Undirected
non-fiction,cats,1934,Undirected
non-fiction,adult,1669,Undirected
non-fiction,presidents,2545,Undirected
non-fiction,lds,922,Undirected
non-fiction,church,705,Undirected
memoir,travel,30974,Undirected
memoir,biography,157060,Undirected
memoir,autobiography,32269,Undirected
memoir,biography-memoir,19422,Undirected
memoir,book-club,9310,Undirected
memoir,humor,87723,Undirected
memoir,comedy,34363,Undirected
memoir,holocaust,5693,Undirected
memoir,education,1238,Undirected
memoir,inspirational,5151,Undirected
memoir,medicine,4257,Undirected
memoir,medical,3992,Undirected
memoir,politics,9493,Undirected
memoir,feminism,13666,Undirected
memoir,essays,15046,Undirected
memoir,short-stories,8517,Undirected
memoir,self-help,4896,Undirected
memoir,nature,4679,Undirected
memoir,christian,3677,Undirected
memoir,religion,2032,Undirected
memoir,race,5567,Undirected
memoir,psychology,10652,Undirected
memoir,abuse,1279,Undirected
memoir,animals,2876,Undirected
memoir,dogs,1450,Undirected
memoir,writing,11827,Undirected
memoir,reference,2851,Undirected
memoir,graphic-novels,28954,Undirected
memoir,comics,16239,Undirected
memoir,food,8897,Undirected
memoir,gardening,1054,Undirected
memoir,health,1002,Undirected
memoir,environment,946,Undirected
memoir,ireland,3458,Undirected
memoir,africa,3389,Undirected
memoir,mental-health,4652,Undirected
memoir,music,3170,Undirected
memoir,art,2370,Undirected
memoir,cooking,3808,Undirected
memoir,military-fiction,1798,Undirected
memoir,lgbt,3628,Undirected
memoir,queer,3081,Undirected
memoir,books-about-books,2893,Undirected
memoir,iran,1854,Undirected
memoir,france,1994,Undirected
memoir,japan,1500,Undirected
memoir,sports,1416,Undirected
memoir,japanese-literature,1373,Undirected
memoir,parenting,1858,Undirected
memoir,china,607,Undirected
memoir,social-justice,2120,Undirected
memoir,sociology,884,Undirected
memoir,economics,768,Undirected
memoir,cats,724,Undirected
memoir,womens,856,Undirected
travel,biography,15136,Undirected
travel,education,724,Undirected
travel,book-club,649,Undirected
travel,humor,10860,Undirected
travel,nature,9433,Undirected
travel,american,1616,Undirected
travel,india,1135,Undirected
travel,psychology,613,Undirected
travel,food,388,Undirected
travel,france,1026,Undirected
biography,autobiography,20165,Undirected
biography,biography-memoir,15700,Undirected
biography,book-club,4658,Undirected
biography,humor,40276,Undirected
biography,comedy,14736,Undirected
biography,medicine,6343,Undirected
biography,holocaust,4636,Undirected
biography,education,1026,Undirected
biography,inspirational,3982,Undirected
biography,medical,2335,Undirected
biography,sports,2528,Undirected
biography,politics,11660,Undirected
biography,business,8277,Undirected
biography,technology,7045,Undirected
biography,feminism,6812,Undirected
biography,self-help,1584,Undirected
biography,race,2362,Undirected
biography,psychology,2570,Undirected
biography,abuse,1145,Undirected
biography,animals,2459,Undirected
biography,dogs,1071,Undirected
biography,germany,716,Undirected
biography,writing,6442,Undirected
biography,reference,1374,Undirected
biography,ireland,2320,Undirected
biography,africa,2625,Undirected
biography,mental-health,1945,Undirected
biography,music,2333,Undirected
biography,art,1533,Undirected
biography,christian,2968,Undirected
biography,food,4780,Undirected
biography,cooking,2358,Undirected
biography,military-fiction,2471,Undirected
biography,graphic-novels,15896,Undirected
biography,comics,7285,Undirected
biography,books-about-books,1451,Undirected
biography,iran,919,Undirected
biography,france,1275,Undirected
biography,japan,989,Undirected
biography,japanese-literature,862,Undirected
biography,parenting,808,Undirected
biography,china,317,Undirected
biography,american-history,6949,Undirected
biography,civil-war,2781,Undirected
biography,religion,1259,Undirected
biography,cats,686,Undirected
biography,presidents,3999,Undirected
coming-of-age,animals,286,Undirected
coming-of-age,dogs,284,Undirected
coming-of-age,lgbt,830,Undirected
coming-of-age,literary-fiction,1085,Undirected
coming-of-age,southern,254,Undirected
coming-of-age,short-stories,957,Undirected
coming-of-age,book-club,370,Undirected
coming-of-age,drama,502,Undirected
epic-fantasy,science-fiction-fantasy,22497,Undirected
epic-fantasy,high-fantasy,32272,Undirected
epic-fantasy,dragons,1589,Undirected
epic-fantasy,short-stories,385,Undirected
epic-fantasy,novella,368,Undirected
epic-fantasy,dark-fantasy,777,Undirected
epic-fantasy,steampunk,856,Undirected
science-fiction-fantasy,high-fantasy,24360,Undirected
science-fiction-fantasy,retellings,884,Undirected
science-fiction-fantasy,dragons,1327,Undirected
science-fiction-fantasy,space-opera,6413,Undirected
science-fiction-fantasy,post-apocalyptic,1637,Undirected
science-fiction-fantasy,cyberpunk,9420,Undirected
science-fiction-fantasy,humor,3994,Undirected
science-fiction-fantasy,comedy,1751,Undirected
science-fiction-fantasy,mythology,2039,Undirected
science-fiction-fantasy,military-fiction,596,Undirected
science-fiction-fantasy,china,873,Undirected
science-fiction-fantasy,arthurian,1059,Undirected
science-fiction-fantasy,religion,581,Undirected
science-fiction-fantasy,speculative-fiction,378,Undirected
science-fiction-fantasy,short-stories,1883,Undirected
high-fantasy,dragons,1249,Undirected
high-fantasy,short-stories,406,Undirected
high-fantasy,novella,389,Undirected
high-fantasy,young-adult-fantasy,3333,Undirected
high-fantasy,dark-fantasy,596,Undirected
high-fantasy,steampunk,818,Undirected
literary-fiction,art,1843,Undirected
literary-fiction,lgbt,2616,Undirected
literary-fiction,africa,5420,Undirected
literary-fiction,france,773,Undirected
literary-fiction,book-club,3478,Undirected
literary-fiction,music,1534,Undirected
literary-fiction,short-stories,8037,Undirected
literary-fiction,feminism,1263,Undirected
literary-fiction,race,1146,Undirected
literary-fiction,british-literature,2494,Undirected
literary-fiction,american,908,Undirected
literary-fiction,india,3494,Undirected
literary-fiction,indian-literature,493,Undirected
literary-fiction,animals,407,Undirected
literary-fiction,new-york,408,Undirected
literary-fiction,sports,738,Undirected
literary-fiction,baseball,603,Undirected
literary-fiction,environment,332,Undirected
literary-fiction,magical-realism,1740,Undirected
literary-fiction,asia,1115,Undirected
literary-fiction,japan,1025,Undirected
literary-fiction,religion,601,Undirected
literary-fiction,family,596,Undirected
literary-fiction,mental-illness,239,Undirected
literary-fiction,horror,659,Undirected
literary-fiction,canada,767,Undirected
literary-fiction,russia,449,Undirected
literary-fiction,anthropology,337,Undirected
literary-fiction,italy,232,Undirected
literary-fiction,journalism,185,Undirected
literary-fiction,espionage,215,Undirected
art,music,1704,Undirected
art,autobiography,771,Undirected
art,self-help,1722,Undirected
art,writing,918,Undirected
art,personal-development,639,Undirected
mental-health,feminism,2633,Undirected
mental-health,psychology,2974,Undirected
mental-health,humor,2466,Undirected
mental-health,mental-illness,2448,Undirected
time-travel,horror,3024,Undirected
time-travel,scotland,679,Undirected
autobiography,biography-memoir,2543,Undirected
autobiography,book-club,1337,Undirected
autobiography,feminism,1911,Undirected
autobiography,psychology,766,Undirected
autobiography,abuse,606,Undirected
autobiography,writing,5768,Undirected
autobiography,reference,700,Undirected
autobiography,humor,4582,Undirected
autobiography,ireland,1247,Undirected
autobiography,music,1571,Undirected
autobiography,comedy,561,Undirected
autobiography,politics,1117,Undirected
biography-memoir,book-club,2020,Undirected
biography-memoir,politics,1238,Undirected
biography-memoir,business,2084,Undirected
biography-memoir,technology,852,Undirected
biography-memoir,humor,1696,Undirected
biography-memoir,psychology,236,Undirected
biography-memoir,books-about-books,484,Undirected
biography-memoir,parenting,671,Undirected
biography-memoir,china,180,Undirected
book-club,humor,1728,Undirected
book-club,australia,1222,Undirected
book-club,psychology,949,Undirected
book-club,africa,2708,Undirected
book-club,medicine,838,Undirected
book-club,ethiopia,831,Undirected
book-club,education,607,Undirected
book-club,france,1490,Undirected
book-club,religion,967,Undirected
book-club,feminism,671,Undirected
book-club,china,1263,Undirected
book-club,asia,1330,Undirected
book-club,british-literature,1223,Undirected
book-club,short-stories,1289,Undirected
book-club,music,579,Undirected
book-club,books-about-books,654,Undirected
book-club,animals,279,Undirected
book-club,new-york,802,Undirected
book-club,russia,1294,Undirected
book-club,india,997,Undirected
book-club,poverty,322,Undirected
book-club,architecture,317,Undirected
book-club,environment,264,Undirected
book-club,westerns,303,Undirected
book-club,magical-realism,300,Undirected
book-club,christian,356,Undirected
book-club,inspirational,226,Undirected
book-club,medical,157,Undirected
book-club,family,130,Undirected
retellings,new-adult,4274,Undirected
retellings,young-adult-fantasy,3021,Undirected
retellings,fairy-tales,6181,Undirected
retellings,mythology,1887,Undirected
retellings,short-stories,1308,Undirected
history,biography,77510,Undirected
history,world-war-ii,11186,Undirected
history,war,20650,Undirected
history,historical,42719,Undirected
history,medicine,3770,Undirected
history,audiobook,30964,Undirected
history,true-crime,20977,Undirected
history,crime,14308,Undirected
history,mystery,10985,Undirected
history,classics,44310,Undirected
history,memoir,40021,Undirected
history,holocaust,7675,Undirected
history,sports,2890,Undirected
history,business,7013,Undirected
history,technology,889,Undirected
history,biography-memoir,1133,Undirected
history,race,3372,Undirected
history,germany,4176,Undirected
history,food,3708,Undirected
history,health,1464,Undirected
history,nutrition,873,Undirected
history,psychology,7972,Undirected
history,self-help,3045,Undirected
history,adventure,2074,Undirected
history,travel,1608,Undirected
history,india,1137,Undirected
history,asia,481,Undirected
history,poverty,462,Undirected
history,book-club,768,Undirected
history,humor,7739,Undirected
history,popular-science,5176,Undirected
history,africa,1201,Undirected
history,religion,3600,Undirected
history,world-war-i,3345,Undirected
history,anthropology,19507,Undirected
history,sociology,9518,Undirected
history,politics,21774,Undirected
history,christian,2278,Undirected
history,military-fiction,2227,Undirected
history,graphic-novels,15527,Undirected
history,comics,6916,Undirected
history,southern,661,Undirected
history,american-history,17938,Undirected
history,american-revolution,6325,Undirected
history,civil-war,6354,Undirected
history,autobiography,674,Undirected
history,social-justice,1044,Undirected
history,economics,1721,Undirected
history,finance,1623,Undirected
history,presidents,4630,Undirected
history,lds,546,Undirected
history,church,329,Undirected
history,spirituality,254,Undirected
new-adult,contemporary-romance,64349,Undirected
new-adult,college,20347,Undirected
new-adult,fae,6334,Undirected
new-adult,young-adult-fantasy,1534,Undirected
new-adult,humor,2617,Undirected
new-adult,disability,1236,Undirected
new-adult,high-school,4348,Undirected
new-adult,sports,1212,Undirected
new-adult,fighters,1076,Undirected
new-adult,abuse,753,Undirected
new-adult,novella,978,Undirected
new-adult,music,2082,Undirected
feminism,religion,878,Undirected
feminism,psychology,2535,Undirected
feminism,africa,1952,Undirected
feminism,race,1193,Undirected
feminism,business,2674,Undirected
feminism,self-help,1480,Undirected
feminism,leadership,1435,Undirected
feminism,womens,10081,Undirected
feminism,lgbt,2089,Undirected
feminism,essays,12334,Undirected
feminism,politics,5332,Undirected
feminism,humor,3439,Undirected
feminism,iran,735,Undirected
feminism,books-about-books,678,Undirected
feminism,british-literature,841,Undirected
post-apocalyptic,horror,30742,Undirected
post-apocalyptic,zombies,6494,Undirected
post-apocalyptic,canada,2181,Undirected
post-apocalyptic,survival,865,Undirected
post-apocalyptic,steampunk,692,Undirected
horror,magical-realism,3518,Undirected
horror,zombies,20101,Undirected
horror,gothic,52943,Undirected
horror,westerns,6145,Undirected
horror,humor,2675,Undirected
horror,drama,521,Undirected
horror,apocalyptic,248,Undirected
horror,ghosts,8768,Undirected
horror,short-stories,6663,Undirected
horror,supernatural,10543,Undirected
horror,asia,498,Undirected
horror,fairy-tales,796,Undirected
horror,books-about-books,729,Undirected
horror,19th-century,827,Undirected
magical-realism,japan,6540,Undirected
magical-realism,japanese-literature,4524,Undirected
magical-realism,fairy-tales,1099,Undirected
magical-realism,food,980,Undirected
magical-realism,african-american,1515,Undirected
magical-realism,russia,2732,Undirected
magical-realism,russian-literature,2063,Undirected
humor,comedy,67792,Undirected
humor,essays,15997,Undirected
humor,short-stories,13468,Undirected
humor,nature,4767,Undirected
humor,animals,1280,Undirected
humor,dogs,915,Undirected
humor,zombies,2193,Undirected
humor,contemporary-romance,4270,Undirected
humor,young-adult-contemporary,651,Undirected
humor,family,526,Undirected
humor,sociology,1760,Undirected
humor,medical,1143,Undirected
humor,medicine,1072,Undirected
humor,death,1071,Undirected
humor,religion,2865,Undirected
humor,graphic-novels,4936,Undirected
humor,comics,3961,Undirected
humor,popular-science,619,Undirected
humor,books-about-books,1515,Undirected
humor,westerns,1350,Undirected
humor,canada,411,Undirected
humor,drama,2477,Undirected
humor,lgbt,1174,Undirected
humor,parenting,1574,Undirected
humor,france,1634,Undirected
politics,essays,1709,Undirected
politics,womens,705,Undirected
politics,anthropology,1537,Undirected
politics,sociology,2081,Undirected
politics,american-history,2385,Undirected
politics,civil-war,1323,Undirected
politics,social-justice,1856,Undirected
politics,race,1054,Undirected
politics,business,1533,Undirected
politics,economics,2267,Undirected
politics,finance,1194,Undirected
politics,religion,787,Undirected
politics,africa,626,Undirected
politics,presidents,910,Undirected
comedy,essays,4967,Undirected
comedy,short-stories,3575,Undirected
comedy,sociology,711,Undirected
comedy,religion,1095,Undirected
comedy,graphic-novels,2512,Undirected
comedy,comics,1537,Undirected
comedy,parenting,694,Undirected
animals,dogs,4523,Undirected
animals,cats,1055,Undirected
gothic,books-about-books,1956,Undirected
gothic,short-stories,331,Undirected
gothic,19th-century,1297,Undirected
young-adult-fantasy,lgbt,1605,Undirected
young-adult-fantasy,short-stories,850,Undirected
young-adult-fantasy,dragons,1973,Undirected
christian,christian-fiction,5487,Undirected
christian,religion,8837,Undirected
christian,faith,2097,Undirected
christian,inspirational,1719,Undirected
christian,self-help,2558,Undirected
christian,relationships,1861,Undirected
christian,psychology,1630,Undirected
christian,marriage,1576,Undirected
christian,theology,4150,Undirected
christian,christianity,4044,Undirected
christian-fiction,religion,1852,Undirected
christian-fiction,faith,1483,Undirected
religion,faith,1185,Undirected
religion,inspirational,763,Undirected
religion,true-crime,2371,Undirected
religion,atheism,3901,Undirected
religion,theology,3755,Undirected
religion,christianity,3649,Undirected
religion,africa,879,Undirected
religion,speculative-fiction,461,Undirected
religion,lds,1380,Undirected
religion,church,1163,Undirected
mythology,lgbt,5830,Undirected
mythology,fairy-tales,1342,Undirected
mythology,short-stories,5388,Undirected
mythology,arthurian,1079,Undirected
mythology,paranormal-romance,1144,Undirected
science,biography,7629,Undirected
science,medicine,11406,Undirected
science,audiobook,26652,Undirected
science,psychology,26928,Undirected
science,business,17705,Undirected
science,self-help,11345,Undirected
science,sociology,9536,Undirected
science,economics,9111,Undirected
science,food,6986,Undirected
science,health,5891,Undirected
science,nutrition,2159,Undirected
science,sports,1177,Undirected
science,fitness,518,Undirected
science,adventure,468,Undirected
science,humor,15978,Undirected
science,medical,5490,Undirected
science,death,3645,Undirected
science,popular-science,6518,Undirected
science,anthropology,9021,Undirected
science,politics,3026,Undirected
science,religion,5327,Undirected
science,atheism,3432,Undirected
science,comedy,4142,Undirected
science,historical,264,Undirected
medicine,africa,1170,Undirected
medicine,ethiopia,673,Undirected
medicine,medical,4395,Undirected
medicine,death,955,Undirected
medicine,health,1818,Undirected
holocaust,france,1347,Undirected
france,french-literature,1989,Undirected
france,books-about-books,809,Undirected
france,food,433,Undirected
medieval,british-literature,385,Undirected
true-crime,southern,1749,Undirected
true-crime,psychology,1986,Undirected
japan,japanese-literature,5629,Undirected
japan,sports,758,Undirected
japan,asia,434,Undirected
contemporary-romance,college,7786,Undirected
contemporary-romance,erotic-romance,2905,Undirected
contemporary-romance,high-school,2667,Undirected
contemporary-romance,disability,801,Undirected
contemporary-romance,sports,855,Undirected
contemporary-romance,fighters,719,Undirected
contemporary-romance,military-fiction,627,Undirected
contemporary-romance,abuse,514,Undirected
contemporary-romance,novella,473,Undirected
contemporary-romance,music,1249,Undirected
psychology,business,49930,Undirected
psychology,self-help,72794,Undirected
psychology,sociology,13453,Undirected
psychology,abuse,698,Undirected
psychology,economics,12653,Undirected
psychology,personal-development,17152,Undirected
psychology,productivity,4003,Undirected
psychology,leadership,6102,Undirected
psychology,relationships,1949,Undirected
psychology,marriage,1664,Undirected
fae,fairies,1580,Undirected
fae,paranormal-romance,2249,Undirected
angels,paranormal-romance,16256,Undirected
africa,ethiopia,1163,Undirected
africa,race,1835,Undirected
africa,botswana,1248,Undirected
africa,sudan,706,Undirected
africa,nigeria,1636,Undirected
books-about-books,iran,789,Undirected
books-about-books,fairy-tales,635,Undirected
lgbt,queer,7676,Undirected
lgbt,graphic-novels,6630,Undirected
lgbt,comics,3501,Undirected
business,self-help,44949,Undirected
business,sociology,12572,Undirected
business,technology,2198,Undirected
business,economics,11939,Undirected
business,leadership,12557,Undirected
business,womens,2119,Undirected
business,personal-development,13603,Undirected
business,productivity,2693,Undirected
business,finance,6779,Undirected
business,personal-finance,3065,Undirected
business,money,2998,Undirected
self-help,sociology,5284,Undirected
self-help,inspirational,1211,Undirected
self-help,leadership,13559,Undirected
self-help,womens,925,Undirected
self-help,personal-development,34698,Undirected
self-help,productivity,3796,Undirected
self-help,relationships,2877,Undirected
self-help,marriage,2592,Undirected
self-help,finance,3288,Undirected
self-help,personal-finance,1873,Undirected
self-help,money,1806,Undirected
self-help,writing,6409,Undirected
self-help,economics,2468,Undirected
self-help,essays,383,Undirected
self-help,reference,383,Undirected
sociology,economics,6237,Undirected
sociology,anthropology,1691,Undirected
sociology,social-justice,770,Undirected
music,short-stories,1036,Undirected
russia,russian-literature,11831,Undirected
medical,death,1026,Undirected
medical,health,1301,Undirected
sports,health,1447,Undirected
sports,fitness,1241,Undirected
sports,baseball,955,Undirected
sports,fighters,696,Undirected
sports,japanese-literature,631,Undirected
china,asia,2118,Undirected
china,asian-literature,672,Undirected
china,parenting,687,Undirected
asia,india,2218,Undirected
asia,poverty,381,Undirected
asia,asian-literature,359,Undirected
asia,canada,347,Undirected
asia,indian-literature,335,Undirected
british-literature,espionage,208,Undirected
short-stories,essays,6821,Undirected
short-stories,india,6375,Undirected
short-stories,novella,393,Undirected
short-stories,christmas,3279,Undirected
short-stories,american,2160,Undirected
short-stories,anthologies,1417,Undirected
short-stories,italy,298,Undirected
short-stories,journalism,251,Undirected
essays,womens,3785,Undirected
essays,writing,4276,Undirected
essays,reference,368,Undirected
american,20th-century,1222,Undirected
race,social-justice,1217,Undirected
westerns,canada,1397,Undirected
abuse,african-american,269,Undirected
abuse,dark,815,Undirected
italy,italian-literature,1288,Undirected
italy,journalism,223,Undirected
economics,finance,2058,Undirected
economics,social-justice,654,Undirected
space-opera,military-fiction,720,Undirected
writing,reference,10082,Undirected
writing,personal-development,1035,Undirected
queer,graphic-novels,6083,Undirected
queer,comics,2954,Undirected
food,health,9300,Undirected
food,nutrition,6247,Undirected
food,gardening,1907,Undirected
food,environment,1799,Undirected
food,cooking,3936,Undirected
health,nutrition,2618,Undirected
health,fitness,788,Undirected
health,gardening,464,Undirected
health,environment,356,Undirected
christmas,anthologies,1111,Undirected
graphic-novels,comics,74242,Undirected
graphic-novels,graphic-novels-comics,29884,Undirected
comics,graphic-novels-comics,19591,Undirected
leadership,womens,880,Undirected
leadership,personal-development,5266,Undirected
canada,india,1179,Undirected
canada,indian-literature,352,Undirected
india,indian-literature,5439,Undirected
india,poverty,1037,Undirected
gardening,environment,408,Undirected
personal-development,productivity,1664,Undirected
alternate-history,jewish,625,Undirected
relationships,marriage,1895,Undirected
finance,personal-finance,2475,Undirected
finance,money,2408,Undirected
personal-finance,money,993,Undirected
historical-romance,regency,793,Undirected
theology,christianity,2866,Undirected
american-history,american-revolution,1104,Undirected
american-history,civil-war,1302,Undirected
american-history,presidents,1211,Undirected
physics,humor,1447,Undirected
physics,audiobook,513,Undirected
physics,comedy,360,Undirected
lds,church,639,Undirected
