Id,Label
7107665,The Hunger Games
14802335,The Fault in Our Stars
15704161,Gone Girl
12168042,Divergente
8113493,Mockingjay
24612163,The Girl on the Train
5945479,Zmierzch
10783858,La bambina che salvava i libri
10297811,Catching Fire
7067799,The Help
13690325,Vijftig tinten grijs
87784,To Kill a Mockingbird
22022744,Yo antes de ti
6578785,The Girl with the Dragon Tattoo
28542722,Allegiant
22820681,El marciano
413081,The Kite Runner
1812673,Alchemik
25231392,Ready Player One
15742581,Insurgente
7072268,Water for Elephants
25292854,All the Light We Cannot See
15706076,The Night Circus
6467686,Dawca
31314242,Harry Potter and the Cursed Child - Parts I & II
17617613,Eleanor & Park
7669915,Wielki Gatsby
18206985,City of Bones
1376372,Pride and Prejudice
2385175,Eat  Pray  Love: One Womans Search for Everything Across Italy  India and Indonesia
18077840,The Maze Runner
22730973,Looking for Alaska - Mencari Alaska
19188829,The Perks of Being a Wallflower
3597767,Rok 1984
32599493,A Game of Thrones
14640,The Catcher in the Rye: Annotations and Study Aids
17788865,The Goldfinch
7032230,Thirteen Reasons Why
6986866,Breaking Dawn
5996072,A Thousand Splendid Suns
2326730,New Moon
6666060,The Time Travelers Wife
18335013,Paper Towns
826373,Life of Pi
28267274,Pokoj
25432891,Cinder
1091342,Sakrileg
23698704,Fangirl
7932736,The Guernsey Literary and Potato Peel Pie Society
12379917,The Handmaids Tale
8316723,The Host
3254246,The Road
25413486,The Nightingale
12651476,Enders Game
18038911,The Ocean at the End of the Lane
13429654,The Hobbit
24628887,A Man Called Ove
23400821,We Were Liars
706072,Outlander
8349198,Animal Farm
870376,The Lovely Bones
22319631,De Selectie
12368684,The Curious Incident of the Dog in the Night-time
7806071,Se Eu Ficar
2650712,Eclipse
17212300,Inferno
25739649,The Art of Racing in the Rain
22110278,Big Little Lies
20860763,Jane Eyre
16280156,Fahrenheit 451
18761052,O Projeto Rosie
25053847,Red Queen
3126034,The Girl Who Played with Fire
25110912,11/22/63
3147278,My Sisters Keeper
9676800,Die Auswahl
21969048,La luce sugli oceani
17907913,Il trono di ghiaccio
9750325,The Shack
11127294,The Name of the Wind
15984419,Whered You Go  Bernadette
17884026,Dark Places
16060238,American Gods
13701736,The Casual Vacancy
6460221,Sharp Objects
18601966,The Husbands Secret
12628816,Fifty Shades Darker
18812896,The Cuckoos Calling
1692840,Lord Of The Flies
17902501,The 5th Wave
26073151,A Court of Thorns and Roses
13497763,The Girl Who Kicked the Hornets Nest
402125,The Secret Life of Bees
23642896,Wuthering Heights
2515804,Sarahs Key
997354,The Pillars of the Earth
23874708,Everything  Everything
9608155,Anna and the French Kiss
956240,Memoirs of a Geisha
13082101,A Discovery of Witches
6588385,Myszy i ludzie
17451122,Uno splendido disastro
383059,Illuminati
15792268,Fifty Shades Freed
36269116,Orphan Train
31130986,Station Eleven
28636565,Go Set a Watchman
8719634,Clockwork Angel
8125623,The Lost Symbol
17617027,And the Mountains Echoed
17797811,Delirium
6599260,Still Alice
31289593,Una corte de niebla y furia
16179873,Hija de Humo y Hueso
6443015,City of Ashes
15771654,Legend
16090806,The Outsiders
18698388,Scarlet
17245747,Clockwork Princess
10193699,The Scorch Trials
13135114,Cutting for Stone
7876139,Ciudad de cristal
882515,Wicked: The Life and Times of the Wicked Witch of the West
17835217,Never Let Me Go
6987915,World War Z: An Oral History of the Zombie War
22920028,De Elite
18589115,The One
6990801,Hush  Hush
26162617,A Vida Contada de A. J. Fikry
18293427,The Storied Life of A.J. Fikry
13086115,Uglies
11809168,Shatter Me
15755025,The Raven Boys
564341,Extremely Loud And Incredibly Close
11177547,The Hitchhikers Guide to the Galaxy
17299838,Life After Life
22517562,El teorema Katherine
27500,Middlesex
17118894,Beautiful Creatures
282702,Frankenstein
13536832,Brave New World
6705943,Shiver
985875,A Clash Of Kings
23210623,Cress
20316954,Mr. Penumbras 24-Hour Bookstore
6577307,The Picture of Dorian Gray
18005628,Crown of Midnight
12090218,A Dance with Dragons
1074901,Slaughterhouse Five
6277770,The Poisonwood Bible
7047941,Vampire Academy
24618787,City of Heavenly Fire
18364429,The Invention of Wings
6264614,Little Bee
1754278,The Boy in the Striped Pyjamas
12690982,A Storm of Swords
6986999,The Thirteenth Tale
13250429,Before I Go to Sleep
8388981,Graceling
17334411,Hopeless
11100298,City of Fallen Angels
16111242,A Feast for Crows
18658803,The Circle
12195718,Una moglie a Parigi
29395172,Six of Crows
34845427,Speak
24738032,Where She Went
4548601,The Magicians
13349,Eragon
10244169,Lolita
181132,And Then There Were None (Ten Little Indians)
110913,Anna Karenina
13632067,O Gosto Proibido do Gengibre
18049085,To All The Boys Ive Loved Before
21853060,Clockwork Prince
28749536,Winter
8674492,Si no despierto
526663,Memory Keepers Daughter
6936476,Dracula
11817224,What Alice Forgot
13628087,Engelsnacht
18244990,Em Defesa de Jacob
13638287,El lenguaje de las flores
24941507,After You
3192033,The Notebook
8664867,Ill Give You the Sun
1643702,The Red Tent
1554112,Little Women
15784516,Cloud Atlas
29626641,It Ends with Us
20658349,Heir of Fire
4602032,Dead Until Dark
6425811,The Final Empire
812249,The Five People You Meet in Heaven: A Fable
13264701,City of Lost Souls
17693643,The 100-Year-Old Man Who Climbed Out the Window and Disappeared
10896133,De 100-jarige man die uit het raam klom en verdween
31567834,Bare for deg
6690798,The Passage
21801144,Red Rising
18046714,Attachments
9526373,La campana de cristal
456908,A Tree Grows in Brooklyn
25571957,A Little Life
22023062,E o Vento Levou
6479879,Neverwhere
2727158,The Count of Monte Cristo
4107909,The Forgotten Garden
24762445,Landline
18622019,The Kitchen House
29482028,Will Grayson  Will Grayson
6940844,One Day
2495563,The Wise Mans Fear
18974163,The Princess Bride
12375314,Snow Flower and the Secret Fan
818588,The Other Boleyn Girl
8915541,In the Woods
13330610,Every Day
227232,The Fellowship of the Ring
22546969,Unwind
10665531,Between Shades of Gray
31925758,Carry On
19487009,Ugly Love
6767555,The Shining
15852177,Obsidian
4515891,Elegance of the Hedgehog
25557074,The Girl with All the Gifts
6681546,Rebecca
11933547,Obcy
8533258,A Visit from the Goon Squad
25755939,Una llama entre cenizas
14361298,Romeo and Juliet
28260585,Queen of Shadows
30518988,Dark Matter
3790927,Atonement
29918785,The Woman in Cabin 10
10404051,State of Wonder
15775502,De onwaarschijnlijke reis van Harold Fry
831563,Atlas Shrugged
10814711,East of Eden
24760399,Amor en verso
28264824,Misschien ooit
1718234,Dobry omen
20510036,The Dinner
917806,The Historian
21836856,Amerikanah
7797909,Olive Kitteridge
25548681,The Heir
8598746,I Am Number Four
13574640,The Gunslinger
249992,The Stand
12606851,Die Flucht
18755602,De verhalenvertelster
2188936,Nineteen Minutes
32886468,Illuminae
30547569,Behind Closed Doors
4610,Catch-22
17230400,Stardust
13226194,Angelfall
18214414,The Silkworm
16242237,Pandemonium
32079281,A Court of Wings and Ruin
15713573,Beautiful Ruins
21020526,Doctor Sleep
8737825,Dio di illusioni
18134240,Kafka on the Shore
34369100,El odio que das
11323604,Dune
26117888,Uprooted
1410526,Persuasion
76924,A Tale of Two Cities
22438129,Lola and the Boy Next Door
4400,The Grapes of Wrath
30319078,Truly Madly Guilty
12155648,The Sense of an Ending
840935,One for the Money
26125637,A Darker Shade of Magic
17931425,Champion
2162717,The Story of Edgar Sawtelle
7013314,Marked
3397704,Crime and Punishment
8474899,Freedom
18870275,Mr. Mercedes
7826803,Wolf Hall
29762865,Lady Midnight
7812662,Safe Haven
23602429,Les Miserables
15721454,The Knife of Never Letting Go
2960,Adventures of Huckleberry Finn
9887233,Great Expectations
32370233,The Wrath & the Dawn
31929978,Las chicas
31944115,Empire of Storms
5831,Bel Canto
99386,Storm Front
25741605,Glass Sword
33535964,Simon vs The Homosapiens Agenda
6992933,Dragonfly in Amber
15819613,Requiem
13596725,On the Road
25852920,Pride and Prejudice and Zombies
15799591,Code Name Verity
18777789,Ignite Me
25582367,Leaving Time
14059705,The Secret Keeper
835664,A Confederacy of Dunces
30973273,Oprecht
15769863,Shadow of Night
643084,Emma
12023761,Murder on the Orient Express
17172215,Wallbanger
15852847,Wool
4986731,Siddhartha
8131377,Abraham Lincoln  Vampire Hunter
15994514,A Christmas Carol
24200691,Una brava ragazza
37560,Sense and Sensibility
20638708,Promettimi che ci sarai
18376,Flowers for Algernon
16136132,Unravel Me
13558605,Me and Earl and the Dying Girl
8699814,Her Fearful Symmetry
13095696,Cartas cruzadas
8849222,Jonathan Strange & Mr Norrell
10455046,The Scarlet Letter
15932273,The Snow Child
26213837,El camino de los reyes
6645988,Something Borrowed
16149368,The Darkest Minds
8787895,We Need To Talk About Kevin
2294321,Moby Dick
7781431,Major Pettigrews Last Stand
15766911,Walking Disaster
4472,A Prayer for Owen Meany
29893453,Crooked Kingdom
18039182,The Dream Thieves
4436841,Firefly Lane
2771120,Confessions of a Shopaholic - Pengakuan Si Gila Belanja
13548456,Easy
25076514,The DUFF
28098329,My Grandmother Sends Her Regards and Apologises
6620599,The Silver Linings Playbook
6224935,This is Where I Leave You
26142946,November 9
781206,Watchmen
17899356,Days of Blood and Starlight
17616607,The Unbearable Lightness of Being
18680717,The Things They Carried
42899,Dark Lover
18334881,My Brilliant Friend
36269021,The Nest
25194192,The Infinite Sea
5243594,A Million Little Pieces
24907344,P.S. I Still Love You
25174281,Modern Romance: An Investigation
17277855,The Edge of Never
13535756,The Age of Miracles
46240,The Metamorphosis
27845654,Career of Evil
10964693,The Marriage Plot
12758895,Ive Got Your Number
16047148,La corsa delle onde
906735,Dear John
26530982,Fates and Furies
29426188,The Couple Next Door
9862267,A Dogs Purpose
9814048,Oryx and Crake
8153566,The Iron King
16153521,Isla and the Happily Ever After
25701206,The Forty Rules of Love
7919138,Shantaram
6610497,Lamb: The Gospel According to Biff  Christs Childhood Pal
17727802,Steelheart
24611432,The Young Elites
16170580,Eisige Wellen
8584853,Last Sacrifice
22561351,Fairest
13508897,Reached
10801493,Austenland
15801710,Reconstructing Amelia
29976645,The Sun Is Also a Star
25644601,Grey
26708461,In a Dark  Dark Wood
9598224,A Clockwork Orange
24789156,The Girl in the Spiders Web
23666442,The Golem and the Jinni
7549331,Shadow Kiss
6201694,Heart of Darkness  with eBook
8013959,Frostbite
21122552,The One Plus One
7968732,Crescendo
28930418,Salt to the Sea
36297703,The Sun also Rises
17283039,Warm Bodies
29489519,The Winners Curse
27829330,The Crown
33623844,Caraval
2388688,People of the Book
33916215,Into the Water
13516621,The Lies of Locke Lamora
7706931,House Rules
821872,The Namesake
8498800,Perfect Chemistry
8526530,The Short Second Life of Bree Tanner: An Eclipse Novella
17742043,We Are All Completely Beside Ourselves
31567923,Gjenspeilet i deg
20717571,Joyland
12782014,The Color Purple
22718800,Ruin and Rising
19445849,Armada
10278922,Rules of Civility
829959,The History of Love
31567930,Knyttet til deg
75576,Can You Keep a Secret?
16475300,Poison Study
13272661,The Statistical Probability of Love at First Sight
824361,The God of Small Things
10996342,The Art of Fielding
6376689,Gone
18685697,The Interestings
10642301,The Lord of the Rings
31456476,A Gentleman in Moscow
26030521,Pretty Girls
8149123,A Reliable Wife
2891804,World Without End
25394092,The Raven King
12941791,The Best of Me
7747691,The Hero of Ages
25804717,Luckiest Girl Alive
11981747,The Lucky One
15757582,The No. 1 Ladies Detective Agency
759920,The Amazing Adventures of Kavalier & Clay
13612929,Pretties
22587958,A Marca de Todas as Coisas
22738044,Cuatro
950839,Redeeming Love
3104033,The Pact
9277751,Fire
34962698,Homegoing
959645,Hamlet
12106940,Dead Ever After
885847,Their Eyes Were Watching God
4502877,Midnight Sun 2008 Draft
8676995,Winter Garden
10863144,Shes Come Undone
17829836,Oniks
26715561,Saga  Vol. 1
7048800,The Particular Sadness of Lemon Cake
13083820,Thoughtless
8456651,A Great and Terrible Beauty
23128322,Blade Runner
28214468,Commonwealth
6547260,The Well of Ascension
30298314,Before the Fall
752639,Northanger Abbey
4259871,The Goose Girl
5664321,Loving Frank
13623876,Flight Behavior
12450053,The Song of Achilles
5996153,Blood Promise
7390932,Blutschwur
7804119,Linger
7084062,Garden Spells
17345381,Sycamore Row
16041538,Anna Dressed in Blood
27584065,Since Youve Been Gone
6989833,Voyager
23266953,The Time Keeper - Sang Penjaga waktu
19162696,The Longest Ride
23212705,The Bone Clocks
23131275,Przebudzenie
24885823,Revival
10160130,Carrie
24466168,El mar de la tranquilidad
23506972,Blue Lily  Lily Blue
22594258,Tangled
4118162,Fiebre oscura
5960325,Shanghai Girls
13270692,Death Comes to Pemberley
4953,A Heartbreaking Work of Staggering Genius
7009913,Soulless
19475,Its Kind of a Funny Story
10722135,Der Fall Jane Eyre
6329838,City of Thieves
7766816,The Summer I Turned Pretty
544891,Beastly
10120539,Au commencement
24509473,Never Never
20582450,Colorless Tsukuru Tazaki and His Years of Pilgrimage
18296403,Dreams of Gods & Monsters
13262071,The Orphan Masters Son
13140952,Gebannt: Unter fremdem Himmel
23332853,The Rosie Effect
11278585,Ruby Red
15837671,Turtles All the Way Down
16065358,A Tale for the Time Being
15713279,My Life Next Door
3707924,The White Tiger
1483355,The Eye of the World
20894087,You
16246759,Opal
6468718,The Forest of Hands and Teeth
7653482,Jurassic Park
6649081,The Strange Case of Dr Jekyll and Mr Hyde
288840,The Strange Case of Dr Jekyll and Mr Hyde and Other Tales of Terror
4533518,Eldest
20706297,Love  Rosie
8248807,Interpreter of Maladies
17797357,The Kill Order
587687,The Good Earth
2268066,House of Leaves
23477799,Burial Rites - Ritus-Ritus Pemakaman
7864540,Let The Great World Spin
1077821,War and Peace
6631898,Cats Cradle
18070787,Night Film
1294590,The Corrections
10143483,Pretty Little Liars
25444487,The Lake House
15803812,Point of Retreat
4486,Bridget Joness Diary
856766,Le journal de Bridget Jones
7211173,Okruchy dnia
25243003,The Queen of the Tearling
16092922,On Dublin Street
6586144,Year of Wonders
16066118,The Round House
18478016,Killing Floor
25893420,Lilac Girls
15517815,Redshirts
24303304,Golden Son
18667059,Dorothy Must Die
43812,Entrevista con el vampiro
25852647,Eligible
13502396,One Flew Over the Cuckoos Nest
25852870,Eligible: A Modern Retelling of Pride & Prejudice
6479259,Spirit Bound
7912145,The Friday Night Knitting Club
305317,The Devil Wears Prada
10494958,Brisingr
20703470,El hombre en el castillo
21081761,Annihilation
22283431,La sposa silenziosa
6658391,Wintergirls
14204,Gilead
8331320,Saving CeeCee Honeycutt
18048577,Fallen Too Far
16053586,The Girl You Left Behind
20608323,Cruel Beauty
22529351,The Assassins Blade
11335538,Forbidden
10795995,Proibito
17415932,NOS4R2
18194830,En la isla
6589085,Anansi Boys
12586192,On the Island
762635,Macbeth
32822135,Archers Voice
1411622,Beloved
23346977,A Spool of Blue Thread
1140966,The Brothers Karamazov
22050093,The Slow Regard of Silent Things
22718798,The Kiss of Deception
9637316,The Sky Is Everywhere
1658408,Dunia Sophie
18400321,Io non sono Mara Dyer
247922,Molokai
7791582,Hex Hall
35120530,I Know This Much Is True
18746889,Madame Bovary
437149,American Psycho
21471307,Let It Snow
22035595,De boekenapotheek aan de Seine
26026110,I Let You Go
8122314,Still Life
20790508,Words of Radiance
22895268,The Book of Life
11125,Digital Fortress
6026313,Fortaleza Digital
25217322,Seveneves
10956,The Virgin Suicides
16077272,The Master and Margarita
15785457,Breakfast at Tiffanys
8155907,The Time Machine
17449042,Wait for You
26157005,The Grownup
9409458,Forever
15780558,The Diviners
16046420,La stella nera di New York
13258281,Finale
15326588,Pushing the Limits
3720975,Handle with Care
2967050,The Truth about Forever
14781675,I Am Pilgrim (Pilgrim  #1)
34357438,Lincoln in the Bardo
25111114,The Boston Girl
11621048,Unearthly
10876214,Blood Meridian  or the Evening Redness in the West
13425383,The Shoemakers Wife
16179275,Just One Day
12426027,Stolen
19235201,Teufelszeug
6070930,Just Listen
24581,The Adventures of Tom Sawyer
133599,A Farewell to Arms
7723762,Specials
774157,A Fine Balance
18811235,The Lowland
17284797,Stoner
7848747,Torment
3168250,The Alchemyst
9817761,One Thousand White Women: The Journals of May Dodd
17027880,Crazy Rich Asians
1486923,The House on Mango Street
20587967,These Broken Stars
12680907,Bitterblue
877978,Snow Crash
22061527,The Paying Guests
24318901,Im Westen nichts Neues
1223951,The Two Towers
75786,Infinite Jest
11483885,Leviathan Wakes
676736,Mansfield Park
18215402,World After
28439733,At the Waters Edge
11518824,The Dovekeepers
22926734,Gray Mountain
3247016,The House at Riverton
8145235,The Likeness
11190295,We Have Always Lived in the Castle
8563761,A Study in Scarlet
7530290,The Lacuna
972806,P.S.  I Love You
23131088,Nimona
33290550,Norse Mythology
18655907,Bird Box
1406395,Old Mans War
4583,Everything Is Illuminated
4014644,Alles ist erleuchtet
11329900,The Sisters Brothers
11252905,Swamplandia!
16054806,Seraphina
1608601,Unaccustomed Earth
17786997,Real
29453805,A Gathering of Shadows
2842717,The Call of the Wild
13147113,Edenbrooke
26078192,Finding Audrey
18754949,O Manipulador
16038046,Winter of the World
6984174,Remember Me?
17853114,The Bone Season
822560,The Joy Luck Club
531350,The Choice
466389,Tess of the d Urbevilles: A Pure Woman Faithfully Presented
9810337,The Undomestic Goddess
222912,The Return of the King
27877139,Misery
29480865,All the Ugly and Wonderful Things
6088007,Neuromancer
13500904,Neuromantul
17667235,Origin
24683129,Morning Star
1022366,Id Tell You I Love You  But Then Id Have to Kill You
13078298,The Twelve
2000265,What Is the What
1271560,For One More Day
1809778,Kolor magii
578378,Como agua para chocolate
17875416,I Capture the Castle
4804840,Zen and the Art of Motorcycle Maintenance: An Inquiry Into Values
17737046,The Luminaries
8575909,The Importance of Being Earnest
6365288,Elantris
16086645,Losing It
13541953,Speaker for the Dead
17661625,Susurros
7419905,Something Blue
10800703,Cuaderno para dos
7978958,Beautiful Darkness
8524945,Moon Called
10763974,Heart-Shaped Box
13146186,Beauty Queens
1455231,Wicked Lovely
34845512,The Vegetarian
46750,Mrs Dalloway
28514030,Liefdesbrieven aan de sterren
6637864,The Book of Lost Things
5419,Salems Lot
336530,Sisterhood of the Traveling Pants
9007948,The Year Of The Flood
18700870,Making Faces
17256270,The Aviators Wife
76680,Foundation
17899354,Why We Broke Up
7938275,The Hunger Games Trilogy Boxset
32622051,Eleanor Oliphant Is Completely Fine
685385,Living Dead in Dallas
8528486,Night Road
6050678,Leviathan
748610,Odd Thomas
18050662,O Livro Negro
33336580,Lord of Shadows
20695879,Ordinary Grace
23836861,Our Souls at Night
91490,Stranger in a Strange Land
9704697,The Distant Hours
10690841,Mezarla Randevu
5971165,The White Queen
12277956,Switched
20945093,The Three-Body Problem
11003853,First Grave on the Right
9279710,Assassins Apprentice
1705961,The Pearl
18484929,Vicious
7182579,Along for the Ride
8554005,Sing You Home
13641626,Fifty Shades Trilogy Bundle
2999475,Jellicoe Road
984051,Name of the Rose
24357287,In the Unlikely Event
9640019,Dead Reckoning
10845259,The Bronze Horseman
17187554,The Coincidence of Callie & Kayden
19775051,Flowers In The Attic
878249,Veronika decide morir
7159515,Still Missing
3086160,The Hour I First Believed
13614990,Der Feuerstein
19417541,Ancillary Justice
26720727,Circling the Sun
18889555,Kindred
30243883,Kings Cage
25613620,The Widow
6753664,Twenties Girl
10649611,Left Neglected
20764636,Beautiful Oblivion
16703,The Yiddish Policemens Union
13450036,The Blind Assassin
25767409,The Life We Bury
10955326,The Peach Keeper
32859819,Nous autres simples mortels
5965594,White Oleander
28594416,The Hating Game
5177871,The 19th Wife
32170882,Meilleurs ennemis
22908448,The Winners Crime
7983368,Lover Awakened
77929,Mi √Åntonia
118944,American Born Chinese
56817,El padrino
33230997,Behind Her Eyes
10341221,The Weird Sisters
28258873,The Kind Worth Killing
6065215,The Strain
4312771,Drums of Autumn
17565845,Panic
18950721,Never Too Far
6976,The Mermaid Chair
34211474,La princesa de papel
3390246,Change of Heart
15845364,Uncle Toms Cabin
18513,The Silmarillion
31135382,The Butterfly Garden
9642954,Faithful Place
16279698,Falling Kingdoms
10240738,Hyperion
27212432,This Savage Song
2444203,The Summoning
22313295,A Midsummer Nights Dream
11548538,The Power of Six
18929084,The Retribution of Mara Dyer
7362570,The Woman in White
25592371,End of Days
10250495,Sabriel
8713857,Paranormalcy
20753858,Opposition
5126859,The Girl Who Chased the Moon
2163536,The Awakening
26892307,A Thousand Pieces of You
832795,Pet Sematary
34662685,Art of Hearing Heartbeats
8125684,Those Who Save Us
30240773,Three Dark Crowns
2972682,Sundays at Tiffanys
2067687,The Drawing of the Three
15803761,The Immortal Rules
6583255,Darkly Dreaming Dexter
8302721,The Blade Itself
11244910,Calebs Crossing
10238674,The Winter Sea
7559,Candide: or  Optimism
56867,Juan Salvador Gaviota
176651,The Mists Of Avalon
10891018,The Haunting of Hill House
12425308,A Dirty Job
424829,A Separate Peace
25859634,The Indigo Spell
31521391,The Rose & the Dagger
35162756,The Sparrow
29739387,All the Missing Girls
18428067,A Constellation of Vital Phenomena
21538189,Half Bad
16650383,Lone Wolf
8757346,Feed
929517,The Sound And The Fury
17178,The Sound and the Fury: An Authoritative Text  Backgrounds and Contexts  Criticism
7897561,Lover Eternal
23168325,Euphoria
17883719,Mad About the Boy
24870103,The Last Star
6931274,Push
4111868,North and South
4751010,American Wife
24548849,The Hounds of the Baskervilles
23287204,Don Quixote
1438312,A Wizard of Earthsea
24331409,Snow Like Ashes
13064072,Blood Red Road
4836308,The Physick Book of Deliverance Dane
17471109,Broken Harbour
16171207,Broken Harbor
12513614,Captive in the Dark
3318765,Wizards First Rule
22006767,My True Love Gave To Me: Twelve Holiday Stories
17554411,Reason to Breathe
9317452,Rivers of London
22750073,The Windup Girl
18210002,Bully
17256,The Crucible: A Play in Four Acts
617498,The Crucible
12279393,Hounded
69389,Onze Minutos
12785610,The Magician King
14748,Good in Bed
25489413,I Was Here
6834410,The Imperfectionists
13562049,Sweet Tooth
11421242,Passion
20733636,Finding Cinderella
866611,The House of the Scorpion
18709675,Pines
4207,White Teeth
16140036,This Man
10803710,The Alloy of Law
1102116,Half of a Yellow Sun
26879131,End of Watch
2337399,The Murder of Roger Ackroyd
17160326,After Dark
2154456,Oliver Twist
3466,The Wedding
8139322,De bruiloft
13052956,The Buddha in the Attic
11687451,The Litigators
18478186,More Than This
9811998,Child 44
23617925,Girl Online
25782255,Stars Above
21442559,Lick
20670382,The First Fifteen Lives of Harry August
18465945,Maisie Dobbs
26256546,The Opportunist
22548087,The Vacationers
17200687,Rule
15823424,The Burgess Boys
9258756,Full Dark  No Stars
3263575,Franny and Zooey
9774658,The Confession
32875660,Balas en la pizarra
36344943,Origine
760921,The Martian Chronicles
29059,Choke
4980,Breakfast of Champions
30254448,Britt-Marie Was Here
15983569,The Art Forger : A Novel
15788936,Etiquette & Espionage
13600318,Reckless
17936724,Mestiza
16100228,Consequences
12317877,The Future of Us
9284655,Tigers Curse
12853122,De laatste liefdesbrief
7091488,Dead in the Family
2244832,Der Teufel von Chicago
13644829,In Cold Blood
1726513,Under the Banner of Heaven: A Story of Violent Faith
1835714,Midnight in the Garden of Good and Evil
6432343,Columbine
21864196,Unbroken: A World War II Story of Survival  Resilience  and Redemption
10721121,Night
7864897,The Diary of Anne Frank: Interpretations (Blooms Modern Critical Interpretations)
5507,The Diary of Anne Frank
7014640,Tuesdays with Morrie
3530970,Into The Wild: Kisah Tragis Sang Petualang Muda
18126922,The Boys in the Boat: Nine Americans and Their Epic Quest for Gold at the 1936 Berlin Olympics
11387464,In the Garden of Beasts: Love  Terror  and an American Family in Hitlers Berlin
8136642,Half Broke Horses
856990,Angelas Ashes: A Memoir of a Childhood
561641,A Long Way Gone
22569212,Dead Wake: The Last Crossing of the Lusitania
10941517,The Hiding Place
9223873,The Zookeepers Wife
13425558,American Sniper: The Autobiography of the Most Lethal Sniper in U.S. Military History
12193976,The Art of War
4631,A Moveable Feast
9136815,Mere Christianity
2909286,Lone Survivor: The Eyewitness Account of Operation Redwing and the Lost Heroes of SEAL Team 10
1941895,1776
11036388,Killing Lincoln: The Shocking Assassination That Changed America Forever
7969278,At Home: A Short History of Private Life
7059330,Dewey: The Small-Town Library Cat Who Touched the World
6497520,Julie and Julia: My Year of Cooking Dangerously
7599029,My Horizontal Life: A Collection of One-Night Stands
13527888,Bossypants
12262742,Wild: From Lost to Found on the Pacific Crest Trail
11173148,Immortal Life of Henrietta Lacks
23901149,Yes Please
10836120,Is Everyone Hanging Out Without Me? (and Other Concerns)
17204619,Quiet: The Power of Introverts in a World That Cant Stop Talking
28670512,When Breath Becomes Air
29890212,Hillbilly Elegy: A Memoir of a Family and Culture in Crisis
14565987,Lets Pretend This Never Happened
17852024,I Am Malala: The Girl Who Stood Up for Education and Was Shot by the Taliban
978273,A Walk in the Woods
9791,A Walk in the Woods: Rediscovering America on the Appalachian Trail
25919033,Between the World and Me
7989831,Orange Is the New Black: My Year in a Womens Prison
11398264,Born to Run: A Hidden Tribe  Superathletes  and the Greatest Race the World Has Never Seen
50793,Into Thin Air: A Personal Account of the Mt. Everest Disaster
33123552,Born a Crime and Other Stories
437143,A Short History of Nearly Everything
26851744,Furiously Happy: A Funny Book About Horrible Things
15896215,Brain on Fire: My Month of Madness
23346740,Sapiens: A Brief History of Humankind
24734225,We Should All Be Feminists
18138983,Lets Explore Diabetes with Owls
24367204,Why Not Me?
20588640,"      Not That Kind of Girl: A Young Woman Tells You What Shes ""Learned"""
910368,Kitchen Confidential
12091244,How to Be a Woman
19621512,David and Goliath: Underdogs  Misfits  and the Art of Battling Giants
8195411,Sh*t My Dad Says
11279159,In Defense of Food: An Eaters Manifesto
3013824,The God Delusion
16300431,The End of Your Life Book Club
25265014,Big Magic: Creative Living Beyond Fear
29414955,The Girl with the Lower Back Tattoo
31551948,As You Wish: Inconceivable Tales from the Making of The Princess Bride
17371027,Dad Is Fat
11276785,Seriously... Im Kidding
33308607,Talking as Fast as I Can: From Gilmore Girls to Gilmore Girls (and Everything in Between)
21531761,What If?: Serious Scientific Answers to Absurd Hypothetical Questions
29989748,Bad Feminist: Essays
29965800,The Subtle Art of Not Giving a F*ck: A Counterintuitive Approach to Living a Good Life
12484072,The Last Lecture
24484090,Heaven is for Real
20982741,Mans Search for Meaning
2409290,Le Secret
23489811,Being Mortal: Medicine and What Matters in the End
12256023,The Four Agreements: A Practical Guide to Personal Freedom
19449970,The Four Agreements
76334,A New Earth: Awakening to Your Lifes Purpose
6708,The Power of Now: A Guide to Spiritual Enlightenment
4041242,The Book of Mormon
364131,A Brief History of Time
1362104,The Glass Castle
259778,Three Cups of Tea: One Mans Mission to Promote Peace . . . One School at a Time
6948139,Outliers: The Story of Success
12988058,Steve Jobs
614959,Me Talk Pretty One Day
10201688,"      A Child Called ""It"""
3672522,Freakonomics: A Rogue Economist Explores the Hidden Side of Everything
12692,Marley & Me
2140,Blink: The Power of Thinking Without Thinking
11254937,On Writing: A Memoir of the Craft
3109,The Omnivores Dilemma: A Natural History of Four Meals
23341,Running with Scissors
477780,The Tipping Point: How Little Things Can Make a Big Difference
2478507,Stiff: Kehidupan Ganjil Mayat Manusia
17307791,Lean In: Women  Work  and the Will to Lead
18371690,Hyperbole and a Half: Unfortunate Situations  Flawed Coping Mechanisms  Mayhem  and Other Things That Happened
25460,Animal  Vegetable  Miracle: A Year of Food Life
12609434,The Power Of Habit: Why We Do What We Do In Life And Business
13129429,Behind the Beautiful Forevers: Life  Death  and Hope in a Mumbai Undercity
6983932,When You Are Engulfed in Flames
8200257,Just Kids
13505505,How to Win Friends and Influence People
77231,Who Moved My Cheese?
1842,Guns  Germs  and Steel: The Fates of Human Societies
12962711,The Five Love Languages: The Secret to Love that Lasts
870950,Rich Dad  Poor Dad: What the Rich Teach Their Kids about Money--That the Poor and Middle Class Do Not!
8503590,Zeitoun
465543,Fun Home: A Family Tragicomic
1544143,Revolusi Iran: Dongeng Seorang Anak
40173,Are You There  Vodka? Its Me  Chelsea
3996063,Leggere Lolita a Teheran
35493170,Same Kind of Different As Me: A Modern-Day Slave  an International Art Dealer  and the Unlikely Woman Who Bound Them Together
393309,My Life in France
6761479,What I Talk About When I Talk About Running
22782139,The 7 Habits of Highly Effective People
9160695,Battle Hymn of the Tiger Mother
12396794,Thinking  Fast and Slow
2199,Team of Rivals: The Political Genius of Abraham Lincoln
6515021,Dreams from My Father: Pergulatan Hidup Obama
23418947,Just Mercy: A Story of Justice and Redemption
10176,Dress Your Family in Corduroy and Denim
26889576,The Big Short: Inside the Doomsday Machine
2293666,Nickel and Dimed: On (Not) Getting by in America
1146177,Infidel
19793527,Persepolis I & II
1272465,Persepolis
8117684,Bird by Bird: Some Instructions on Writing and Life
17856316,John Adams
