shelf,,,
19th-century,,,
20th-century,,,
abuse,,,
adult,adult-fiction,erotica,
adventure,,,
africa,botswana,ethiopia,
african-american,,,
aliens,,,
alternate-history,,,
american,,,
american-history,american-revolution,,
angels,,,
animals,,,
anthologies,,,
anthropology,,,
apocalyptic,post-apocalyptic,dystopia,
architecture,,,
art,,,
arthurian,,,
asia,,,
asian-literature,,,
astronomy,,,
atheism,,,
audiobook,,,
australia,,,
autobiography,,,
baseball,,,
bdsm,,,
biography,memoir,biography-memoir,
book-club,,,
books-about-books,,,
british-literature,,,
business,,,
canada,,,
cats,,,
chick-lit,,,
china,,,
christian,christianity,christian-fiction,church
christmas,,,
civil-war,,,
classics,read-for-school,school,
college,,,
comedy,,,
comics,,,
coming-of-age,,,
contemporary,,,
contemporary-romance,,,
cooking,,,
crime,,,
cyberpunk,,,
czech-literature,,,
dark,,,
dark-fantasy,,,
death,,,
detective,,,
disability,,,
dogs,,,
dragons,,,
drama,,,
economics,,,
education,,,
environment,,,
epic-fantasy,,,
erotic-romance,,,
espionage,,,
essays,,,
fae,,,
fairies,,,
fairy-tales,,,
faith,,,
family,,,
fantasy,,,
feminism,,,
fiction,,,
fighters,,,
finance,,,
fitness,,,
food,,,
france,,,
french-literature,,,
gardening,,,
germany,,,
ghosts,,,
gothic,,,
graphic-novels,graphic-novels-comics,,
health,,,
high-fantasy,,,
high-school,,,
historical,historical-fiction,,
historical-mystery,,,
historical-romance,,,
history,,,
holocaust,,,
horror,,,
humor,,,
india,,,
indian-literature,,,
inspirational,,,
iran,,,
ireland,,,
italian-literature,,,
italy,,,
japan,japanese-literature,,
jewish,,,
journalism,,,
knitting,,,
lds,,,
leadership,,,
legal-thriller,,,
lgbt,,,
literary-fiction,,,
literature,,,
magic,,,
magical-realism,,,
marriage,,,
medical,,,
medicine,,,
medieval,,,
mental-health,mental-illness,,
money,,,
music,,,
mystery,,,
mystery-thriller,,,
mythology,,,
nature,,,
new-adult,,,
new-york,,,
nigeria,,,
non-fiction,,,
novella,,,
novels,,,
nutrition,,,
paranormal,,,
paranormal-romance,,,
parenting,,,
personal-development,,,
personal-finance,,,
philosophy,,,
physics,,,
plays,,,
politics,,,
popular-science,,,
poverty,,,
presidents,,,
productivity,,,
psychological-thriller,,,
psychology,,,
queer,,,
race,,,
realistic-fiction,,,
reference,,,
regency,,,
relationships,,,
religion,,,
retellings,,,
romance,,,
russia,,,
russian-literature,,,
science,,,
science-fiction,science-fiction-fantasy,,
scotland,,,
self-help,,,
short-stories,,,
social-justice,,,
sociology,,,
southern,,,
space,space-opera,,
spanish-literature,,,
speculative-fiction,,,
spirituality,,,
sports,,,
steampunk,,,
sudan,,,
supernatural,,,
survival,,,
suspense,,,
technology,,,
teen,,,
theology,,,
thriller,,,
time-travel,,,
travel,,,
true-crime,,,
turkish-literature,,,
urban-fantasy,,,
vampires,,,
war,military-fiction,world-war-i,world-war-ii
werewolves,,,
westerns,,,
witches,,,
womens,,,
writing,,,
young-adult,,,
young-adult-contemporary,,,
young-adult-fantasy,,,
zombies,,,