Id,Label,Kind
7107665,The Hunger Games,book
14802335,The Fault in Our Stars,book
15704161,Gone Girl,book
12168042,Divergente,book
8113493,Mockingjay,book
24612163,The Girl on the Train,book
5945479,Zmierzch,book
10783858,La bambina che salvava i libri,book
10297811,Catching Fire,book
7067799,The Help,book
13690325,Vijftig tinten grijs,book
87784,To Kill a Mockingbird,book
22022744,Yo antes de ti,book
6578785,The Girl with the Dragon Tattoo,book
28542722,Allegiant,book
22820681,El marciano,book
413081,The Kite Runner,book
1812673,Alchemik,book
25231392,Ready Player One,book
15742581,Insurgente,book
7072268,Water for Elephants,book
25292854,All the Light We Cannot See,book
15706076,The Night Circus,book
6467686,Dawca,book
31314242,Harry Potter and the Cursed Child - Parts I & II,book
17617613,Eleanor & Park,book
7669915,Wielki Gatsby,book
18206985,City of Bones,book
1376372,Pride and Prejudice,book
2385175,Eat  Pray  Love: One Womans Search for Everything Across Italy  India and Indonesia,book
18077840,The Maze Runner,book
22730973,Looking for Alaska - Mencari Alaska,book
19188829,The Perks of Being a Wallflower,book
3597767,Rok 1984,book
32599493,A Game of Thrones,book
14640,The Catcher in the Rye: Annotations and Study Aids,book
17788865,The Goldfinch,book
7032230,Thirteen Reasons Why,book
6986866,Breaking Dawn,book
5996072,A Thousand Splendid Suns,book
2326730,New Moon,book
6666060,The Time Travelers Wife,book
18335013,Paper Towns,book
826373,Life of Pi,book
1362104,The Glass Castle,book
28267274,Pokoj,book
25432891,Cinder,book
1091342,Sakrileg,book
21864196,Unbroken: A World War II Story of Survival  Resilience  and Redemption,book
23698704,Fangirl,book
7932736,The Guernsey Literary and Potato Peel Pie Society,book
12379917,The Handmaids Tale,book
8316723,The Host,book
3254246,The Road,book
25413486,The Nightingale,book
12651476,Enders Game,book
18038911,The Ocean at the End of the Lane,book
13429654,The Hobbit,book
24628887,A Man Called Ove,book
23400821,We Were Liars,book
706072,Outlander,book
8349198,Animal Farm,book
870376,The Lovely Bones,book
22319631,De Selectie,book
12368684,The Curious Incident of the Dog in the Night-time,book
13527888,Bossypants,book
7806071,Se Eu Ficar,book
2650712,Eclipse,book
12262742,Wild: From Lost to Found on the Pacific Crest Trail,book
17212300,Inferno,book
25739649,The Art of Racing in the Rain,book
22110278,Big Little Lies,book
20860763,Jane Eyre,book
16280156,Fahrenheit 451,book
18761052,O Projeto Rosie,book
25053847,Red Queen,book
3126034,The Girl Who Played with Fire,book
25110912,11/22/63,book
3147278,My Sisters Keeper,book
9676800,Die Auswahl,book
21969048,La luce sugli oceani,book
17907913,Il trono di ghiaccio,book
9750325,The Shack,book
11127294,The Name of the Wind,book
15984419,Whered You Go  Bernadette,book
17884026,Dark Places,book
16060238,American Gods,book
11173148,Immortal Life of Henrietta Lacks,book
13701736,The Casual Vacancy,book
6460221,Sharp Objects,book
18601966,The Husbands Secret,book
12628816,Fifty Shades Darker,book
18812896,The Cuckoos Calling,book
1692840,Lord Of The Flies,book
17902501,The 5th Wave,book
26073151,A Court of Thorns and Roses,book
13497763,The Girl Who Kicked the Hornets Nest,book
402125,The Secret Life of Bees,book
23642896,Wuthering Heights,book
2515804,Sarahs Key,book
997354,The Pillars of the Earth,book
23874708,Everything  Everything,book
9608155,Anna and the French Kiss,book
2244832,Der Teufel von Chicago,book
956240,Memoirs of a Geisha,book
13082101,A Discovery of Witches,book
6588385,Myszy i ludzie,book
17451122,Uno splendido disastro,book
383059,Illuminati,book
15792268,Fifty Shades Freed,book
36269116,Orphan Train,book
31130986,Station Eleven,book
28636565,Go Set a Watchman,book
8719634,Clockwork Angel,book
8125623,The Lost Symbol,book
17617027,And the Mountains Echoed,book
17797811,Delirium,book
6599260,Still Alice,book
31289593,Una corte de niebla y furia,book
16179873,Hija de Humo y Hueso,book
6443015,City of Ashes,book
15771654,Legend,book
16090806,The Outsiders,book
18698388,Scarlet,book
17245747,Clockwork Princess,book
10193699,The Scorch Trials,book
13135114,Cutting for Stone,book
7876139,Ciudad de cristal,book
882515,Wicked: The Life and Times of the Wicked Witch of the West,book
17835217,Never Let Me Go,book
10721121,Night,book
6987915,World War Z: An Oral History of the Zombie War,book
22920028,De Elite,book
18589115,The One,book
6990801,Hush  Hush,book
26162617,A Vida Contada de A. J. Fikry,book
18293427,The Storied Life of A.J. Fikry,book
259778,Three Cups of Tea: One Mans Mission to Promote Peace . . . One School at a Time,book
13086115,Uglies,book
7864897,The Diary of Anne Frank: Interpretations (Blooms Modern Critical Interpretations),book
5507,The Diary of Anne Frank,book
11809168,Shatter Me,book
15755025,The Raven Boys,book
564341,Extremely Loud And Incredibly Close,book
11177547,The Hitchhikers Guide to the Galaxy,book
17299838,Life After Life,book
22517562,El teorema Katherine,book
27500,Middlesex,book
17118894,Beautiful Creatures,book
282702,Frankenstein,book
23901149,Yes Please,book
13536832,Brave New World,book
6705943,Shiver,book
985875,A Clash Of Kings,book
23210623,Cress,book
20316954,Mr. Penumbras 24-Hour Bookstore,book
6577307,The Picture of Dorian Gray,book
18005628,Crown of Midnight,book
12090218,A Dance with Dragons,book
1074901,Slaughterhouse Five,book
6277770,The Poisonwood Bible,book
7047941,Vampire Academy,book
24618787,City of Heavenly Fire,book
18364429,The Invention of Wings,book
6264614,Little Bee,book
1754278,The Boy in the Striped Pyjamas,book
6948139,Outliers: The Story of Success,book
12690982,A Storm of Swords,book
7014640,Tuesdays with Morrie,book
6986999,The Thirteenth Tale,book
10836120,Is Everyone Hanging Out Without Me? (and Other Concerns),book
13250429,Before I Go to Sleep,book
8388981,Graceling,book
17334411,Hopeless,book
11100298,City of Fallen Angels,book
16111242,A Feast for Crows,book
18658803,The Circle,book
12195718,Una moglie a Parigi,book
29395172,Six of Crows,book
34845427,Speak,book
24738032,Where She Went,book
4548601,The Magicians,book
13349,Eragon,book
10244169,Lolita,book
181132,And Then There Were None (Ten Little Indians),book
110913,Anna Karenina,book
13632067,O Gosto Proibido do Gengibre,book
18049085,To All The Boys Ive Loved Before,book
21853060,Clockwork Prince,book
28749536,Winter,book
8674492,Si no despierto,book
526663,Memory Keepers Daughter,book
6936476,Dracula,book
11817224,What Alice Forgot,book
17204619,Quiet: The Power of Introverts in a World That Cant Stop Talking,book
13628087,Engelsnacht,book
28670512,When Breath Becomes Air,book
18244990,Em Defesa de Jacob,book
13638287,El lenguaje de las flores,book
3530970,Into The Wild: Kisah Tragis Sang Petualang Muda,book
24941507,After You,book
3192033,The Notebook,book
8664867,Ill Give You the Sun,book
1643702,The Red Tent,book
1554112,Little Women,book
15784516,Cloud Atlas,book
29626641,It Ends with Us,book
20658349,Heir of Fire,book
4602032,Dead Until Dark,book
6425811,The Final Empire,book
812249,The Five People You Meet in Heaven: A Fable,book
13264701,City of Lost Souls,book
17693643,The 100-Year-Old Man Who Climbed Out the Window and Disappeared,book
10896133,De 100-jarige man die uit het raam klom en verdween,book
31567834,Bare for deg,book
18126922,The Boys in the Boat: Nine Americans and Their Epic Quest for Gold at the 1936 Berlin Olympics,book
6690798,The Passage,book
21801144,Red Rising,book
18046714,Attachments,book
9526373,La campana de cristal,book
456908,A Tree Grows in Brooklyn,book
25571957,A Little Life,book
22023062,E o Vento Levou,book
6479879,Neverwhere,book
2727158,The Count of Monte Cristo,book
4107909,The Forgotten Garden,book
24762445,Landline,book
18622019,The Kitchen House,book
29482028,Will Grayson  Will Grayson,book
6940844,One Day,book
2495563,The Wise Mans Fear,book
18974163,The Princess Bride,book
12375314,Snow Flower and the Secret Fan,book
818588,The Other Boleyn Girl,book
8915541,In the Woods,book
29890212,Hillbilly Elegy: A Memoir of a Family and Culture in Crisis,book
13330610,Every Day,book
227232,The Fellowship of the Ring,book
14565987,Lets Pretend This Never Happened,book
22546969,Unwind,book
10665531,Between Shades of Gray,book
31925758,Carry On,book
19487009,Ugly Love,book
6767555,The Shining,book
15852177,Obsidian,book
4515891,Elegance of the Hedgehog,book
25557074,The Girl with All the Gifts,book
6681546,Rebecca,book
11933547,Obcy,book
12988058,Steve Jobs,book
8533258,A Visit from the Goon Squad,book
17852024,I Am Malala: The Girl Who Stood Up for Education and Was Shot by the Taliban,book
25755939,Una llama entre cenizas,book
614959,Me Talk Pretty One Day,book
14361298,Romeo and Juliet,book
28260585,Queen of Shadows,book
12484072,The Last Lecture,book
30518988,Dark Matter,book
3790927,Atonement,book
29918785,The Woman in Cabin 10,book
10404051,State of Wonder,book
15775502,De onwaarschijnlijke reis van Harold Fry,book
831563,Atlas Shrugged,book
10814711,East of Eden,book
978273,A Walk in the Woods,book
9791,A Walk in the Woods: Rediscovering America on the Appalachian Trail,book
24760399,Amor en verso,book
28264824,Misschien ooit,book
1718234,Dobry omen,book
20510036,The Dinner,book
917806,The Historian,book
24484090,Heaven is for Real,book
21836856,Amerikanah,book
7797909,Olive Kitteridge,book
25548681,The Heir,book
8598746,I Am Number Four,book
13574640,The Gunslinger,book
249992,The Stand,book
12606851,Die Flucht,book
18755602,De verhalenvertelster,book
2188936,Nineteen Minutes,book
32886468,Illuminae,book
30547569,Behind Closed Doors,book
4610,Catch-22,book
17230400,Stardust,book
25919033,Between the World and Me,book
13226194,Angelfall,book
18214414,The Silkworm,book
10201688,"      A Child Called ""It""",book
16242237,Pandemonium,book
32079281,A Court of Wings and Ruin,book
15713573,Beautiful Ruins,book
21020526,Doctor Sleep,book
3672522,Freakonomics: A Rogue Economist Explores the Hidden Side of Everything,book
8737825,Dio di illusioni,book
18134240,Kafka on the Shore,book
34369100,El odio que das,book
11323604,Dune,book
26117888,Uprooted,book
1410526,Persuasion,book
12692,Marley & Me,book
76924,A Tale of Two Cities,book
22438129,Lola and the Boy Next Door,book
4400,The Grapes of Wrath,book
30319078,Truly Madly Guilty,book
12155648,The Sense of an Ending,book
840935,One for the Money,book
26125637,A Darker Shade of Magic,book
7989831,Orange Is the New Black: My Year in a Womens Prison,book
17931425,Champion,book
2162717,The Story of Edgar Sawtelle,book
7013314,Marked,book
3397704,Crime and Punishment,book
8474899,Freedom,book
18870275,Mr. Mercedes,book
7826803,Wolf Hall,book
29762865,Lady Midnight,book
7812662,Safe Haven,book
23602429,Les Miserables,book
15721454,The Knife of Never Letting Go,book
11387464,In the Garden of Beasts: Love  Terror  and an American Family in Hitlers Berlin,book
2960,Adventures of Huckleberry Finn,book
9887233,Great Expectations,book
32370233,The Wrath & the Dawn,book
31929978,Las chicas,book
31944115,Empire of Storms,book
2140,Blink: The Power of Thinking Without Thinking,book
5831,Bel Canto,book
99386,Storm Front,book
11254937,On Writing: A Memoir of the Craft,book
25741605,Glass Sword,book
33535964,Simon vs The Homosapiens Agenda,book
6992933,Dragonfly in Amber,book
15819613,Requiem,book
13596725,On the Road,book
25852920,Pride and Prejudice and Zombies,book
15799591,Code Name Verity,book
18777789,Ignite Me,book
25582367,Leaving Time,book
14059705,The Secret Keeper,book
835664,A Confederacy of Dunces,book
13644829,In Cold Blood,book
30973273,Oprecht,book
15769863,Shadow of Night,book
643084,Emma,book
12023761,Murder on the Orient Express,book
17172215,Wallbanger,book
15852847,Wool,book
4986731,Siddhartha,book
8131377,Abraham Lincoln  Vampire Hunter,book
3109,The Omnivores Dilemma: A Natural History of Four Meals,book
15994514,A Christmas Carol,book
24200691,Una brava ragazza,book
37560,Sense and Sensibility,book
20638708,Promettimi che ci sarai,book
18376,Flowers for Algernon,book
16136132,Unravel Me,book
11398264,Born to Run: A Hidden Tribe  Superathletes  and the Greatest Race the World Has Never Seen,book
13558605,Me and Earl and the Dying Girl,book
8699814,Her Fearful Symmetry,book
13095696,Cartas cruzadas,book
8849222,Jonathan Strange & Mr Norrell,book
10455046,The Scarlet Letter,book
15932273,The Snow Child,book
23341,Running with Scissors,book
26213837,El camino de los reyes,book
6645988,Something Borrowed,book
16149368,The Darkest Minds,book
8787895,We Need To Talk About Kevin,book
2294321,Moby Dick,book
7781431,Major Pettigrews Last Stand,book
15766911,Walking Disaster,book
4472,A Prayer for Owen Meany,book
29893453,Crooked Kingdom,book
18039182,The Dream Thieves,book
4436841,Firefly Lane,book
2771120,Confessions of a Shopaholic - Pengakuan Si Gila Belanja,book
13548456,Easy,book
25076514,The DUFF,book
28098329,My Grandmother Sends Her Regards and Apologises,book
6620599,The Silver Linings Playbook,book
6224935,This is Where I Leave You,book
26142946,November 9,book
477780,The Tipping Point: How Little Things Can Make a Big Difference,book
781206,Watchmen,book
17899356,Days of Blood and Starlight,book
17616607,The Unbearable Lightness of Being,book
18680717,The Things They Carried,book
42899,Dark Lover,book
18334881,My Brilliant Friend,book
36269021,The Nest,book
25194192,The Infinite Sea,book
5243594,A Million Little Pieces,book
24907344,P.S. I Still Love You,book
25174281,Modern Romance: An Investigation,book
17277855,The Edge of Never,book
13535756,The Age of Miracles,book
46240,The Metamorphosis,book
20982741,Mans Search for Meaning,book
2478507,Stiff: Kehidupan Ganjil Mayat Manusia,book
27845654,Career of Evil,book
10964693,The Marriage Plot,book
12758895,Ive Got Your Number,book
16047148,La corsa delle onde,book
906735,Dear John,book
26530982,Fates and Furies,book
17307791,Lean In: Women  Work  and the Will to Lead,book
29426188,The Couple Next Door,book
9862267,A Dogs Purpose,book
9814048,Oryx and Crake,book
50793,Into Thin Air: A Personal Account of the Mt. Everest Disaster,book
8153566,The Iron King,book
16153521,Isla and the Happily Ever After,book
25701206,The Forty Rules of Love,book
7919138,Shantaram,book
6610497,Lamb: The Gospel According to Biff  Christs Childhood Pal,book
8136642,Half Broke Horses,book
17727802,Steelheart,book
24611432,The Young Elites,book
16170580,Eisige Wellen,book
8584853,Last Sacrifice,book
22561351,Fairest,book
13508897,Reached,book
10801493,Austenland,book
15801710,Reconstructing Amelia,book
29976645,The Sun Is Also a Star,book
18371690,Hyperbole and a Half: Unfortunate Situations  Flawed Coping Mechanisms  Mayhem  and Other Things That Happened,book
25644601,Grey,book
26708461,In a Dark  Dark Wood,book
9598224,A Clockwork Orange,book
24789156,The Girl in the Spiders Web,book
23666442,The Golem and the Jinni,book
25460,Animal  Vegetable  Miracle: A Year of Food Life,book
7549331,Shadow Kiss,book
6201694,Heart of Darkness  with eBook,book
8013959,Frostbite,book
21122552,The One Plus One,book
7968732,Crescendo,book
28930418,Salt to the Sea,book
36297703,The Sun also Rises,book
17283039,Warm Bodies,book
29489519,The Winners Curse,book
27829330,The Crown,book
33623844,Caraval,book
2388688,People of the Book,book
12609434,The Power Of Habit: Why We Do What We Do In Life And Business,book
33916215,Into the Water,book
13516621,The Lies of Locke Lamora,book
7706931,House Rules,book
821872,The Namesake,book
8498800,Perfect Chemistry,book
8526530,The Short Second Life of Bree Tanner: An Eclipse Novella,book
856990,Angelas Ashes: A Memoir of a Childhood,book
17742043,We Are All Completely Beside Ourselves,book
2409290,Le Secret,book
31567923,Gjenspeilet i deg,book
20717571,Joyland,book
12782014,The Color Purple,book
22718800,Ruin and Rising,book
19445849,Armada,book
33123552,Born a Crime and Other Stories,book
10278922,Rules of Civility,book
829959,The History of Love,book
31567930,Knyttet til deg,book
75576,Can You Keep a Secret?,book
16475300,Poison Study,book
13272661,The Statistical Probability of Love at First Sight,book
824361,The God of Small Things,book
10996342,The Art of Fielding,book
6376689,Gone,book
18685697,The Interestings,book
10642301,The Lord of the Rings,book
31456476,A Gentleman in Moscow,book
26030521,Pretty Girls,book
8149123,A Reliable Wife,book
2891804,World Without End,book
25394092,The Raven King,book
12941791,The Best of Me,book
7747691,The Hero of Ages,book
25804717,Luckiest Girl Alive,book
11981747,The Lucky One,book
15757582,The No. 1 Ladies Detective Agency,book
759920,The Amazing Adventures of Kavalier & Clay,book
13612929,Pretties,book
22587958,A Marca de Todas as Coisas,book
13129429,Behind the Beautiful Forevers: Life  Death  and Hope in a Mumbai Undercity,book
22738044,Cuatro,book
950839,Redeeming Love,book
3104033,The Pact,book
437143,A Short History of Nearly Everything,book
9277751,Fire,book
23489811,Being Mortal: Medicine and What Matters in the End,book
34962698,Homegoing,book
959645,Hamlet,book
12106940,Dead Ever After,book
885847,Their Eyes Were Watching God,book
4502877,Midnight Sun 2008 Draft,book
561641,A Long Way Gone,book
8676995,Winter Garden,book
10863144,Shes Come Undone,book
17829836,Oniks,book
26715561,Saga  Vol. 1,book
7048800,The Particular Sadness of Lemon Cake,book
6983932,When You Are Engulfed in Flames,book
1726513,Under the Banner of Heaven: A Story of Violent Faith,book
13083820,Thoughtless,book
26851744,Furiously Happy: A Funny Book About Horrible Things,book
8456651,A Great and Terrible Beauty,book
23128322,Blade Runner,book
22569212,Dead Wake: The Last Crossing of the Lusitania,book
28214468,Commonwealth,book
6547260,The Well of Ascension,book
30298314,Before the Fall,book
752639,Northanger Abbey,book
4259871,The Goose Girl,book
5664321,Loving Frank,book
13623876,Flight Behavior,book
12450053,The Song of Achilles,book
5996153,Blood Promise,book
7390932,Blutschwur,book
7804119,Linger,book
15896215,Brain on Fire: My Month of Madness,book
7084062,Garden Spells,book
17345381,Sycamore Row,book
16041538,Anna Dressed in Blood,book
27584065,Since Youve Been Gone,book
6989833,Voyager,book
23266953,The Time Keeper - Sang Penjaga waktu,book
19162696,The Longest Ride,book
23212705,The Bone Clocks,book
23131275,Przebudzenie,book
24885823,Revival,book
10160130,Carrie,book
24466168,El mar de la tranquilidad,book
23506972,Blue Lily  Lily Blue,book
22594258,Tangled,book
4118162,Fiebre oscura,book
5960325,Shanghai Girls,book
13270692,Death Comes to Pemberley,book
4953,A Heartbreaking Work of Staggering Genius,book
7009913,Soulless,book
19475,Its Kind of a Funny Story,book
10722135,Der Fall Jane Eyre,book
6329838,City of Thieves,book
7766816,The Summer I Turned Pretty,book
544891,Beastly,book
10120539,Au commencement,book
8200257,Just Kids,book
24509473,Never Never,book
20582450,Colorless Tsukuru Tazaki and His Years of Pilgrimage,book
18296403,Dreams of Gods & Monsters,book
13262071,The Orphan Masters Son,book
13140952,Gebannt: Unter fremdem Himmel,book
23332853,The Rosie Effect,book
11278585,Ruby Red,book
15837671,Turtles All the Way Down,book
16065358,A Tale for the Time Being,book
15713279,My Life Next Door,book
3707924,The White Tiger,book
1483355,The Eye of the World,book
20894087,You,book
16246759,Opal,book
6468718,The Forest of Hands and Teeth,book
7653482,Jurassic Park,book
6649081,The Strange Case of Dr Jekyll and Mr Hyde,book
288840,The Strange Case of Dr Jekyll and Mr Hyde and Other Tales of Terror,book
4533518,Eldest,book
20706297,Love  Rosie,book
8248807,Interpreter of Maladies,book
17797357,The Kill Order,book
13505505,How to Win Friends and Influence People,book
587687,The Good Earth,book
2268066,House of Leaves,book
23477799,Burial Rites - Ritus-Ritus Pemakaman,book
7864540,Let The Great World Spin,book
1077821,War and Peace,book
6631898,Cats Cradle,book
18070787,Night Film,book
23346740,Sapiens: A Brief History of Humankind,book
1294590,The Corrections,book
10143483,Pretty Little Liars,book
25444487,The Lake House,book
15803812,Point of Retreat,book
4486,Bridget Joness Diary,book
856766,Le journal de Bridget Jones,book
7211173,Okruchy dnia,book
25243003,The Queen of the Tearling,book
16092922,On Dublin Street,book
6586144,Year of Wonders,book
16066118,The Round House,book
18478016,Killing Floor,book
25893420,Lilac Girls,book
15517815,Redshirts,book
77231,Who Moved My Cheese?,book
24303304,Golden Son,book
18667059,Dorothy Must Die,book
43812,Entrevista con el vampiro,book
25852647,Eligible,book
13502396,One Flew Over the Cuckoos Nest,book
25852870,Eligible: A Modern Retelling of Pride & Prejudice,book
24734225,We Should All Be Feminists,book
6479259,Spirit Bound,book
7912145,The Friday Night Knitting Club,book
305317,The Devil Wears Prada,book
10494958,Brisingr,book
20703470,El hombre en el castillo,book
21081761,Annihilation,book
22283431,La sposa silenziosa,book
18138983,Lets Explore Diabetes with Owls,book
6658391,Wintergirls,book
14204,Gilead,book
1842,Guns  Germs  and Steel: The Fates of Human Societies,book
8331320,Saving CeeCee Honeycutt,book
18048577,Fallen Too Far,book
16053586,The Girl You Left Behind,book
20608323,Cruel Beauty,book
22529351,The Assassins Blade,book
11335538,Forbidden,book
10795995,Proibito,book
24367204,Why Not Me?,book
17415932,NOS4R2,book
18194830,En la isla,book
6589085,Anansi Boys,book
12586192,On the Island,book
762635,Macbeth,book
32822135,Archers Voice,book
1411622,Beloved,book
23346977,A Spool of Blue Thread,book
10941517,The Hiding Place,book
1140966,The Brothers Karamazov,book
22050093,The Slow Regard of Silent Things,book
22718798,The Kiss of Deception,book
12962711,The Five Love Languages: The Secret to Love that Lasts,book
9637316,The Sky Is Everywhere,book
1658408,Dunia Sophie,book
18400321,Io non sono Mara Dyer,book
247922,Molokai,book
7791582,Hex Hall,book
35120530,I Know This Much Is True,book
18746889,Madame Bovary,book
437149,American Psycho,book
20588640,"      Not That Kind of Girl: A Young Woman Tells You What Shes ""Learned""",book
21471307,Let It Snow,book
22035595,De boekenapotheek aan de Seine,book
26026110,I Let You Go,book
8122314,Still Life,book
20790508,Words of Radiance,book
22895268,The Book of Life,book
11125,Digital Fortress,book
6026313,Fortaleza Digital,book
25217322,Seveneves,book
10956,The Virgin Suicides,book
910368,Kitchen Confidential,book
16077272,The Master and Margarita,book
15785457,Breakfast at Tiffanys,book
8155907,The Time Machine,book
17449042,Wait for You,book
26157005,The Grownup,book
9409458,Forever,book
9223873,The Zookeepers Wife,book
15780558,The Diviners,book
16046420,La stella nera di New York,book
13258281,Finale,book
15326588,Pushing the Limits,book
3720975,Handle with Care,book
12091244,How to Be a Woman,book
2967050,The Truth about Forever,book
14781675,I Am Pilgrim (Pilgrim  #1),book
34357438,Lincoln in the Bardo,book
25111114,The Boston Girl,book
11621048,Unearthly,book
10876214,Blood Meridian  or the Evening Redness in the West,book
19621512,David and Goliath: Underdogs  Misfits  and the Art of Battling Giants,book
13425383,The Shoemakers Wife,book
6497520,Julie and Julia: My Year of Cooking Dangerously,book
16179275,Just One Day,book
8195411,Sh*t My Dad Says,book
12426027,Stolen,book
19235201,Teufelszeug,book
6070930,Just Listen,book
24581,The Adventures of Tom Sawyer,book
133599,A Farewell to Arms,book
7723762,Specials,book
774157,A Fine Balance,book
18811235,The Lowland,book
17284797,Stoner,book
7848747,Torment,book
3168250,The Alchemyst,book
9817761,One Thousand White Women: The Journals of May Dodd,book
17027880,Crazy Rich Asians,book
1486923,The House on Mango Street,book
20587967,These Broken Stars,book
12680907,Bitterblue,book
877978,Snow Crash,book
22061527,The Paying Guests,book
24318901,Im Westen nichts Neues,book
1223951,The Two Towers,book
75786,Infinite Jest,book
11483885,Leviathan Wakes,book
676736,Mansfield Park,book
18215402,World After,book
870950,Rich Dad  Poor Dad: What the Rich Teach Their Kids about Money--That the Poor and Middle Class Do Not!,book
28439733,At the Waters Edge,book
11518824,The Dovekeepers,book
22926734,Gray Mountain,book
3247016,The House at Riverton,book
8145235,The Likeness,book
8503590,Zeitoun,book
11190295,We Have Always Lived in the Castle,book
8563761,A Study in Scarlet,book
7530290,The Lacuna,book
972806,P.S.  I Love You,book
23131088,Nimona,book
33290550,Norse Mythology,book
18655907,Bird Box,book
1406395,Old Mans War,book
4583,Everything Is Illuminated,book
4014644,Alles ist erleuchtet,book
11329900,The Sisters Brothers,book
11252905,Swamplandia!,book
16054806,Seraphina,book
11279159,In Defense of Food: An Eaters Manifesto,book
1608601,Unaccustomed Earth,book
17786997,Real,book
29453805,A Gathering of Shadows,book
2842717,The Call of the Wild,book
13147113,Edenbrooke,book
26078192,Finding Audrey,book
13425558,American Sniper: The Autobiography of the Most Lethal Sniper in U.S. Military History,book
18754949,O Manipulador,book
3013824,The God Delusion,book
16038046,Winter of the World,book
6984174,Remember Me?,book
17853114,The Bone Season,book
822560,The Joy Luck Club,book
465543,Fun Home: A Family Tragicomic,book
531350,The Choice,book
466389,Tess of the d Urbevilles: A Pure Woman Faithfully Presented,book
9810337,The Undomestic Goddess,book
222912,The Return of the King,book
27877139,Misery,book
29480865,All the Ugly and Wonderful Things,book
1544143,Revolusi Iran: Dongeng Seorang Anak,book
6088007,Neuromancer,book
13500904,Neuromantul,book
1835714,Midnight in the Garden of Good and Evil,book
17667235,Origin,book
24683129,Morning Star,book
1022366,Id Tell You I Love You  But Then Id Have to Kill You,book
13078298,The Twelve,book
2000265,What Is the What,book
1271560,For One More Day,book
1809778,Kolor magii,book
578378,Como agua para chocolate,book
16300431,The End of Your Life Book Club,book
17875416,I Capture the Castle,book
4804840,Zen and the Art of Motorcycle Maintenance: An Inquiry Into Values,book
17737046,The Luminaries,book
8575909,The Importance of Being Earnest,book
40173,Are You There  Vodka? Its Me  Chelsea,book
6365288,Elantris,book
16086645,Losing It,book
13541953,Speaker for the Dead,book
3996063,Leggere Lolita a Teheran,book
25265014,Big Magic: Creative Living Beyond Fear,book
17661625,Susurros,book
35493170,Same Kind of Different As Me: A Modern-Day Slave  an International Art Dealer  and the Unlikely Woman Who Bound Them Together,book
7419905,Something Blue,book
10800703,Cuaderno para dos,book
7978958,Beautiful Darkness,book
12193976,The Art of War,book
8524945,Moon Called,book
10763974,Heart-Shaped Box,book
13146186,Beauty Queens,book
1455231,Wicked Lovely,book
34845512,The Vegetarian,book
46750,Mrs Dalloway,book
28514030,Liefdesbrieven aan de sterren,book
6637864,The Book of Lost Things,book
393309,My Life in France,book
5419,Salems Lot,book
336530,Sisterhood of the Traveling Pants,book
9007948,The Year Of The Flood,book
18700870,Making Faces,book
4631,A Moveable Feast,book
17256270,The Aviators Wife,book
76680,Foundation,book
17899354,Why We Broke Up,book
7938275,The Hunger Games Trilogy Boxset,book
32622051,Eleanor Oliphant Is Completely Fine,book
685385,Living Dead in Dallas,book
8528486,Night Road,book
6050678,Leviathan,book
6761479,What I Talk About When I Talk About Running,book
748610,Odd Thomas,book
18050662,O Livro Negro,book
33336580,Lord of Shadows,book
22782139,The 7 Habits of Highly Effective People,book
20695879,Ordinary Grace,book
23836861,Our Souls at Night,book
91490,Stranger in a Strange Land,book
12256023,The Four Agreements: A Practical Guide to Personal Freedom,book
19449970,The Four Agreements,book
9704697,The Distant Hours,book
10690841,Mezarla Randevu,book
5971165,The White Queen,book
12277956,Switched,book
20945093,The Three-Body Problem,book
11003853,First Grave on the Right,book
9279710,Assassins Apprentice,book
1705961,The Pearl,book
9160695,Battle Hymn of the Tiger Mother,book
18484929,Vicious,book
7182579,Along for the Ride,book
8554005,Sing You Home,book
13641626,Fifty Shades Trilogy Bundle,book
6432343,Columbine,book
2999475,Jellicoe Road,book
29414955,The Girl with the Lower Back Tattoo,book
984051,Name of the Rose,book
24357287,In the Unlikely Event,book
31551948,As You Wish: Inconceivable Tales from the Making of The Princess Bride,book
9640019,Dead Reckoning,book
10845259,The Bronze Horseman,book
17187554,The Coincidence of Callie & Kayden,book
19775051,Flowers In The Attic,book
878249,Veronika decide morir,book
7159515,Still Missing,book
3086160,The Hour I First Believed,book
9136815,Mere Christianity,book
13614990,Der Feuerstein,book
19417541,Ancillary Justice,book
26720727,Circling the Sun,book
18889555,Kindred,book
17371027,Dad Is Fat,book
30243883,Kings Cage,book
2909286,Lone Survivor: The Eyewitness Account of Operation Redwing and the Lost Heroes of SEAL Team 10,book
25613620,The Widow,book
6753664,Twenties Girl,book
10649611,Left Neglected,book
1941895,1776,book
12396794,Thinking  Fast and Slow,book
20764636,Beautiful Oblivion,book
16703,The Yiddish Policemens Union,book
13450036,The Blind Assassin,book
25767409,The Life We Bury,book
10955326,The Peach Keeper,book
32859819,Nous autres simples mortels,book
5965594,White Oleander,book
7599029,My Horizontal Life: A Collection of One-Night Stands,book
28594416,The Hating Game,book
5177871,The 19th Wife,book
32170882,Meilleurs ennemis,book
22908448,The Winners Crime,book
7983368,Lover Awakened,book
77929,Mi √Åntonia,book
118944,American Born Chinese,book
11276785,Seriously... Im Kidding,book
56817,El padrino,book
33230997,Behind Her Eyes,book
10341221,The Weird Sisters,book
2199,Team of Rivals: The Political Genius of Abraham Lincoln,book
28258873,The Kind Worth Killing,book
6065215,The Strain,book
76334,A New Earth: Awakening to Your Lifes Purpose,book
4312771,Drums of Autumn,book
17565845,Panic,book
6515021,Dreams from My Father: Pergulatan Hidup Obama,book
18950721,Never Too Far,book
23418947,Just Mercy: A Story of Justice and Redemption,book
6976,The Mermaid Chair,book
34211474,La princesa de papel,book
3390246,Change of Heart,book
15845364,Uncle Toms Cabin,book
18513,The Silmarillion,book
31135382,The Butterfly Garden,book
9642954,Faithful Place,book
16279698,Falling Kingdoms,book
10240738,Hyperion,book
11036388,Killing Lincoln: The Shocking Assassination That Changed America Forever,book
27212432,This Savage Song,book
2444203,The Summoning,book
22313295,A Midsummer Nights Dream,book
11548538,The Power of Six,book
18929084,The Retribution of Mara Dyer,book
7362570,The Woman in White,book
25592371,End of Days,book
10250495,Sabriel,book
8713857,Paranormalcy,book
20753858,Opposition,book
5126859,The Girl Who Chased the Moon,book
2163536,The Awakening,book
10176,Dress Your Family in Corduroy and Denim,book
26892307,A Thousand Pieces of You,book
26889576,The Big Short: Inside the Doomsday Machine,book
2293666,Nickel and Dimed: On (Not) Getting by in America,book
832795,Pet Sematary,book
34662685,Art of Hearing Heartbeats,book
8125684,Those Who Save Us,book
30240773,Three Dark Crowns,book
2972682,Sundays at Tiffanys,book
2067687,The Drawing of the Three,book
15803761,The Immortal Rules,book
6583255,Darkly Dreaming Dexter,book
8302721,The Blade Itself,book
33308607,Talking as Fast as I Can: From Gilmore Girls to Gilmore Girls (and Everything in Between),book
11244910,Calebs Crossing,book
10238674,The Winter Sea,book
1146177,Infidel,book
7559,Candide: or  Optimism,book
56867,Juan Salvador Gaviota,book
21531761,What If?: Serious Scientific Answers to Absurd Hypothetical Questions,book
176651,The Mists Of Avalon,book
10891018,The Haunting of Hill House,book
12425308,A Dirty Job,book
424829,A Separate Peace,book
25859634,The Indigo Spell,book
31521391,The Rose & the Dagger,book
35162756,The Sparrow,book
29739387,All the Missing Girls,book
18428067,A Constellation of Vital Phenomena,book
21538189,Half Bad,book
16650383,Lone Wolf,book
8757346,Feed,book
929517,The Sound And The Fury,book
17178,The Sound and the Fury: An Authoritative Text  Backgrounds and Contexts  Criticism,book
7897561,Lover Eternal,book
23168325,Euphoria,book
17883719,Mad About the Boy,book
24870103,The Last Star,book
6931274,Push,book
4111868,North and South,book
4751010,American Wife,book
6708,The Power of Now: A Guide to Spiritual Enlightenment,book
24548849,The Hounds of the Baskervilles,book
23287204,Don Quixote,book
1438312,A Wizard of Earthsea,book
24331409,Snow Like Ashes,book
13064072,Blood Red Road,book
4836308,The Physick Book of Deliverance Dane,book
17471109,Broken Harbour,book
16171207,Broken Harbor,book
12513614,Captive in the Dark,book
3318765,Wizards First Rule,book
22006767,My True Love Gave To Me: Twelve Holiday Stories,book
17554411,Reason to Breathe,book
9317452,Rivers of London,book
22750073,The Windup Girl,book
19793527,Persepolis I & II,book
1272465,Persepolis,book
18210002,Bully,book
17256,The Crucible: A Play in Four Acts,book
617498,The Crucible,book
12279393,Hounded,book
69389,Onze Minutos,book
12785610,The Magician King,book
14748,Good in Bed,book
25489413,I Was Here,book
6834410,The Imperfectionists,book
13562049,Sweet Tooth,book
11421242,Passion,book
20733636,Finding Cinderella,book
866611,The House of the Scorpion,book
18709675,Pines,book
4207,White Teeth,book
7059330,Dewey: The Small-Town Library Cat Who Touched the World,book
16140036,This Man,book
10803710,The Alloy of Law,book
1102116,Half of a Yellow Sun,book
26879131,End of Watch,book
2337399,The Murder of Roger Ackroyd,book
17160326,After Dark,book
2154456,Oliver Twist,book
3466,The Wedding,book
8139322,De bruiloft,book
13052956,The Buddha in the Attic,book
11687451,The Litigators,book
8117684,Bird by Bird: Some Instructions on Writing and Life,book
18478186,More Than This,book
9811998,Child 44,book
23617925,Girl Online,book
25782255,Stars Above,book
21442559,Lick,book
20670382,The First Fifteen Lives of Harry August,book
18465945,Maisie Dobbs,book
26256546,The Opportunist,book
22548087,The Vacationers,book
17200687,Rule,book
29989748,Bad Feminist: Essays,book
15823424,The Burgess Boys,book
9258756,Full Dark  No Stars,book
3263575,Franny and Zooey,book
17856316,John Adams,book
4041242,The Book of Mormon,book
9774658,The Confession,book
32875660,Balas en la pizarra,book
36344943,Origine,book
760921,The Martian Chronicles,book
29059,Choke,book
4980,Breakfast of Champions,book
29965800,The Subtle Art of Not Giving a F*ck: A Counterintuitive Approach to Living a Good Life,book
30254448,Britt-Marie Was Here,book
15983569,The Art Forger : A Novel,book
15788936,Etiquette & Espionage,book
13600318,Reckless,book
17936724,Mestiza,book
16100228,Consequences,book
12317877,The Future of Us,book
9284655,Tigers Curse,book
12853122,De laatste liefdesbrief,book
7091488,Dead in the Family,book
7969278,At Home: A Short History of Private Life,book
364131,A Brief History of Time,book
young-adult,young-adult,genre
fiction,fiction,genre
dystopia,dystopia,genre
fantasy,fantasy,genre
science-fiction,science-fiction,genre
romance,romance,genre
contemporary,contemporary,genre
realistic-fiction,realistic-fiction,genre
teen,teen,genre
mystery,mystery,genre
thriller,thriller,genre
crime,crime,genre
mystery-thriller,mystery-thriller,genre
suspense,suspense,genre
vampires,vampires,genre
paranormal,paranormal,genre
historical-fiction,historical-fiction,genre
historical,historical,genre
classics,classics,genre
war,war,genre
adult,adult,genre
adult-fiction,adult-fiction,genre
erotica,erotica,genre
bdsm,bdsm,genre
school,school,genre
literature,literature,genre
chick-lit,chick-lit,genre
audiobook,audiobook,genre
adventure,adventure,genre
space,space,genre
novels,novels,genre
philosophy,philosophy,genre
spirituality,spirituality,genre
world-war-ii,world-war-ii,genre
magic,magic,genre
plays,plays,genre
urban-fantasy,urban-fantasy,genre
non-fiction,non-fiction,genre
memoir,memoir,genre
travel,travel,genre
biography,biography,genre
coming-of-age,coming-of-age,genre
epic-fantasy,epic-fantasy,genre
science-fiction-fantasy,science-fiction-fantasy,genre
high-fantasy,high-fantasy,genre
literary-fiction,literary-fiction,genre
art,art,genre
mental-health,mental-health,genre
time-travel,time-travel,genre
autobiography,autobiography,genre
biography-memoir,biography-memoir,genre
book-club,book-club,genre
retellings,retellings,genre
history,history,genre
new-adult,new-adult,genre
feminism,feminism,genre
post-apocalyptic,post-apocalyptic,genre
horror,horror,genre
magical-realism,magical-realism,genre
humor,humor,genre
politics,politics,genre
comedy,comedy,genre
animals,animals,genre
dogs,dogs,genre
gothic,gothic,genre
young-adult-fantasy,young-adult-fantasy,genre
drama,drama,genre
australia,australia,genre
christian,christian,genre
christian-fiction,christian-fiction,genre
religion,religion,genre
faith,faith,genre
mythology,mythology,genre
science,science,genre
medicine,medicine,genre
aliens,aliens,genre
holocaust,holocaust,genre
france,france,genre
medieval,medieval,genre
true-crime,true-crime,genre
japan,japan,genre
witches,witches,genre
read-for-school,read-for-school,genre
contemporary-romance,contemporary-romance,genre
college,college,genre
steampunk,steampunk,genre
psychology,psychology,genre
fae,fae,genre
angels,angels,genre
africa,africa,genre
ethiopia,ethiopia,genre
zombies,zombies,genre
paranormal-romance,paranormal-romance,genre
books-about-books,books-about-books,genre
education,education,genre
lgbt,lgbt,genre
werewolves,werewolves,genre
dragons,dragons,genre
business,business,genre
self-help,self-help,genre
sociology,sociology,genre
inspirational,inspirational,genre
music,music,genre
russia,russia,genre
medical,medical,genre
erotic-romance,erotic-romance,genre
sports,sports,genre
china,china,genre
asia,asia,genre
british-literature,british-literature,genre
ireland,ireland,genre
technology,technology,genre
short-stories,short-stories,genre
essays,essays,genre
american,american,genre
nature,nature,genre
race,race,genre
westerns,westerns,genre
psychological-thriller,psychological-thriller,genre
abuse,abuse,genre
italy,italy,genre
economics,economics,genre
japanese-literature,japanese-literature,genre
space-opera,space-opera,genre
fairy-tales,fairy-tales,genre
russian-literature,russian-literature,genre
germany,germany,genre
writing,writing,genre
reference,reference,genre
queer,queer,genre
food,food,genre
health,health,genre
nutrition,nutrition,genre
christmas,christmas,genre
fitness,fitness,genre
young-adult-contemporary,young-adult-contemporary,genre
ghosts,ghosts,genre
high-school,high-school,genre
family,family,genre
graphic-novels,graphic-novels,genre
comics,comics,genre
graphic-novels-comics,graphic-novels-comics,genre
czech-literature,czech-literature,genre
italian-literature,italian-literature,genre
death,death,genre
leadership,leadership,genre
womens,womens,genre
canada,canada,genre
fairies,fairies,genre
turkish-literature,turkish-literature,genre
india,india,genre
gardening,gardening,genre
environment,environment,genre
apocalyptic,apocalyptic,genre
personal-development,personal-development,genre
productivity,productivity,genre
indian-literature,indian-literature,genre
new-york,new-york,genre
baseball,baseball,genre
botswana,botswana,genre
poverty,poverty,genre
popular-science,popular-science,genre
african-american,african-american,genre
cyberpunk,cyberpunk,genre
world-war-i,world-war-i,genre
architecture,architecture,genre
legal-thriller,legal-thriller,genre
asian-literature,asian-literature,genre
mental-illness,mental-illness,genre
survival,survival,genre
anthropology,anthropology,genre
supernatural,supernatural,genre
knitting,knitting,genre
alternate-history,alternate-history,genre
southern,southern,genre
disability,disability,genre
novella,novella,genre
relationships,relationships,genre
marriage,marriage,genre
french-literature,french-literature,genre
cooking,cooking,genre
19th-century,19th-century,genre
finance,finance,genre
personal-finance,personal-finance,genre
money,money,genre
scotland,scotland,genre
detective,detective,genre
military-fiction,military-fiction,genre
fighters,fighters,genre
historical-romance,historical-romance,genre
regency,regency,genre
atheism,atheism,genre
espionage,espionage,genre
sudan,sudan,genre
iran,iran,genre
parenting,parenting,genre
theology,theology,genre
christianity,christianity,genre
american-history,american-history,genre
american-revolution,american-revolution,genre
jewish,jewish,genre
civil-war,civil-war,genre
social-justice,social-justice,genre
dark-fantasy,dark-fantasy,genre
physics,physics,genre
arthurian,arthurian,genre
speculative-fiction,speculative-fiction,genre
20th-century,20th-century,genre
spanish-literature,spanish-literature,genre
dark,dark,genre
anthologies,anthologies,genre
journalism,journalism,genre
cats,cats,genre
nigeria,nigeria,genre
historical-mystery,historical-mystery,genre
presidents,presidents,genre
lds,lds,genre
church,church,genre
astronomy,astronomy,genre
